"GO.ID","Term","Annotated","Significant","Expected","Rank in result2","result1","result2","result3","GenesInTermAndTest","GenesInTermAndTest_eggNogName"
"GO:0005576","extracellular region",456,40,3.6,1,"< 1e-30","< 1e-30","6.3e-08","A0A026VU23;A0A026VWQ3;A0A026VY86;A0A026VZ76;A0A026W1C7;A0A026W2Z6;A0A026W4J5;A0A026W4U7;A0A026W5E2;A0A026W5F4;A0A026W6F8;A0A026W707;A0A026W798;A0A026WDF3;A0A026WEW7;A0A026WF43;A0A026WG30;A0A026WG66;A0A026WGA6;A0A026WH69;A0A026WI68;A0A026WKW2;A0A026WLZ5;A0A026WMA6;A0A026WN66;A0A026WSE1;A0A026WSH9;A0A026WSS1;A0A026WT17;A0A026WT37;A0A026WT83;A0A026WUA2;A0A026WV46;A0A026WW33;A0A026WWS5;A0A026WWV0;A0A026WXR1;A0A026WYV1;A0A026X0F2;A0A026X1V9",";;;;serp;;;;;;;;;;;;;;;;;;;;;;;;;;;;;;;;;;;"
"GO:0005615","extracellular space",239,28,1.89,42,"1.4e-26","1.00000","1.9e-20","A0A026VU23;A0A026VZ76;A0A026W1C7;A0A026W4J5;A0A026W4U7;A0A026W5F4;A0A026W6F8;A0A026W707;A0A026WDF3;A0A026WF43;A0A026WG30;A0A026WG66;A0A026WGA6;A0A026WH69;A0A026WI68;A0A026WKW2;A0A026WLZ5;A0A026WMA6;A0A026WN66;A0A026WSE1;A0A026WSH9;A0A026WT37;A0A026WT83;A0A026WV46;A0A026WWS5;A0A026WWV0;A0A026WXR1;A0A026WYV1",";;serp;;;;;;;;;;;;;;;;;;;;;;;;;"
"GO:0005616","larval serum protein complex",6,4,0.05,43,"5.2e-08","1.00000","5.2e-08","A0A026WN66;A0A026WWS5;A0A026WWV0;A0A026WXR1",";;;"
"GO:0031012","extracellular matrix",87,7,0.69,44,"4.9e-06","1.00000","0.00105","A0A026VY86;A0A026WF43;A0A026WT17;A0A026WT37;A0A026WT83;A0A026X0F2;A0A026X1V9","serp;;;;;;"
"GO:0062023","collagen-containing extracellular matrix",33,4,0.26,45,"0.00012","1.00000","0.04450","A0A026VY86;A0A026WF43;A0A026WT37;A0A026WT83","serp;;;"
"GO:0008043","intracellular ferritin complex",3,2,0.02,2,"0.00018","0.00018","0.00018","A0A026VVE4;A0A026VVU9",";"
"GO:0070288","ferritin complex",3,2,0.02,46,"0.00018","1.00000","1.00000","A0A026VVE4;A0A026VVU9",";"
"GO:0005773","vacuole",140,6,1.11,21,"0.00079","0.34955","0.05762","A0A026W656;A0A026W6F6;A0A026WL55;A0A026WSE1;A0A026WTW5;A0A026X3S9",";;;;;"
"GO:0005604","basement membrane",27,3,0.21,47,"0.00120","1.00000","0.00120","A0A026VY86;A0A026WT37;A0A026WT83","serp;;"
"GO:0005764","lysosome",88,4,0.69,3,"0.00503","0.00503","0.00503","A0A026W656;A0A026W6F6;A0A026WL55;A0A026WSE1",";;;"
"GO:0000323","lytic vacuole",89,4,0.7,48,"0.00523","1.00000","1.00000","A0A026W656;A0A026W6F6;A0A026WL55;A0A026WSE1",";;;"
"GO:0033176","proton-transporting V-type ATPase comple...",17,2,0.13,4,"0.00774","0.00774","0.00774","A0A026W9I5;A0A026X3S9",";"
"GO:0043230","extracellular organelle",19,2,0.15,49,"0.00963","1.00000","1.00000","A0A026WGA6;A0A026WSH9",";"
"GO:0070062","extracellular exosome",19,2,0.15,50,"0.00963","1.00000","0.00963","A0A026WGA6;A0A026WSH9",";"
"GO:1903561","extracellular vesicle",19,2,0.15,51,"0.00963","1.00000","1.00000","A0A026WGA6;A0A026WSH9",";"
"GO:0016469","proton-transporting two-sector ATPase co...",33,2,0.26,52,"0.02770","1.00000","1.00000","A0A026W9I5;A0A026X3S9",";"
"GO:0001669","acrosomal vesicle",4,1,0.03,5,"0.03122","0.03122","0.03122","A0A026WMB6",""
"GO:0005587","collagen type IV trimer",4,1,0.03,6,"0.03122","0.03122","0.03122","A0A026VY86",""
"GO:0036062","presynaptic periactive zone",4,1,0.03,7,"0.03122","0.03122","0.03122","A0A026VZR5",""
"GO:0098642","network-forming collagen trimer",4,1,0.03,53,"0.03122","1.00000","0.03122","A0A026VY86",""
"GO:0098644","complex of collagen trimers",4,1,0.03,54,"0.03122","1.00000","0.03122","A0A026VY86",""
"GO:0098645","collagen network",4,1,0.03,55,"0.03122","1.00000","0.03122","A0A026VY86",""
"GO:0098651","basement membrane collagen trimer",4,1,0.03,56,"0.03122","1.00000","0.03122","A0A026VY86",""
"GO:0009986","cell surface",90,3,0.71,8,"0.03394","0.03394","0.03394","A0A026W4J5;A0A026W798;A0A026X3S9",";;"
"GO:0005581","collagen trimer",6,1,0.05,57,"0.04646","1.00000","0.04646","A0A026VY86",""
"GO:0045169","fusome",58,2,0.46,9,"0.07655","0.07655","0.07655","A0A026VVU9;A0A026WSE1",";"
"GO:0005920","smooth septate junction",11,1,0.09,10,"0.08356","0.08356","0.08356","A0A026X5F3",""
"GO:0016471","vacuolar proton-transporting V-type ATPa...",12,1,0.09,58,"0.09080","1.00000","0.09080","A0A026X3S9",""
"GO:0033181","plasma membrane proton-transporting V-ty...",13,1,0.1,59,"0.09799","1.00000","0.09799","A0A026W9I5",""
"GO:0097482","muscle cell postsynaptic specialization",16,1,0.13,11,"0.11923","0.11923","0.11923","A0A026VZR5",""
"GO:0098589","membrane region",16,1,0.13,12,"0.11923","0.11923","0.11923","A0A026WMB6",""
"GO:0030667","secretory granule membrane",20,1,0.16,13,"0.14677","0.14677","0.14677","A0A026WMB6",""
"GO:0019898","extrinsic component of membrane",94,2,0.74,14,"0.16970","0.16970","0.16970","A0A026WH94;A0A026WPJ5",";"
"GO:0099572","postsynaptic specialization",24,1,0.19,60,"0.17347","1.00000","0.17347","A0A026VZR5",""
"GO:0098975","postsynapse of neuromuscular junction",26,1,0.21,61,"0.18651","1.00000","0.18651","A0A026VZR5",""
"GO:0042734","presynaptic membrane",29,1,0.23,62,"0.20569","1.00000","0.20569","A0A026VZR5",""
"GO:0005770","late endosome",110,2,0.87,15,"0.21549","0.21549","0.21549","A0A026WT37;A0A026WT83","serp;"
"GO:0030141","secretory granule",31,1,0.24,63,"0.21823","1.00000","0.21823","A0A026WMB6",""
"GO:0045211","postsynaptic membrane",33,1,0.26,16,"0.23058","0.23058","0.23058","A0A026VZR5",""
"GO:0030139","endocytic vesicle",36,1,0.28,17,"0.24873","0.24873","0.24873","A0A026W5F4",""
"GO:0110165","cellular anatomical entity",8061,65,63.65,24,"0.25415","0.70573","0.63724","A0A026VU23;A0A026VVE4;A0A026VVU9;A0A026VWQ3;A0A026VWV8;A0A026VY86;A0A026VZ76;A0A026VZ91;A0A026VZR5;A0A026W073;A0A026W0P7;A0A026W0Q1;A0A026W1C7;A0A026W2Z6;A0A026W4J5;A0A026W4U7;A0A026W5E2;A0A026W5F4;A0A026W656;A0A026W6F6;A0A026W6F8;A0A026W707;A0A026W798;A0A026W9I5;A0A026WDB2;A0A026WDF3;A0A026WDK1;A0A026WEW7;A0A026WF43;A0A026WG30;A0A026WG66;A0A026WG72;A0A026WGA6;A0A026WH69;A0A026WH94;A0A026WI06;A0A026WI68;A0A026WKW2;A0A026WL55;A0A026WLZ5;A0A026WM97;A0A026WMA6;A0A026WMB6;A0A026WN66;A0A026WPJ5;A0A026WSE1;A0A026WSH9;A0A026WSS1;A0A026WT17;A0A026WT37;A0A026WT83;A0A026WTK0;A0A026WTW5;A0A026WUA2;A0A026WV46;A0A026WW33;A0A026WWS5;A0A026WWV0;A0A026WXR1;A0A026WYH3;A0A026WYV1;A0A026X0F2;A0A026X1V9;A0A026X3S9;A0A026X5F3",";;;;;;;;;serp;;;;;;;;;;;;;;;;;;;;;;;;;;;;;;;;;;;;;;;;;;;;;;;;;;;;;;;"
"GO:0031982","vesicle",555,6,4.38,64,"0.27286","1.00000","0.59594","A0A026W5F4;A0A026WGA6;A0A026WMB6;A0A026WSH9;A0A026WT37;A0A026WT83","serp;;;;;"
"GO:0045178","basal part of cell",49,1,0.39,18,"0.32266","0.32266","0.32266","A0A026W5F4",""
"GO:0061174","type I terminal bouton",49,1,0.39,19,"0.32266","0.32266","0.32266","A0A026VZR5",""
"GO:0048786","presynaptic active zone",52,1,0.41,20,"0.33867","0.33867","0.33867","A0A026VZR5",""
"GO:0097060","synaptic membrane",59,1,0.47,65,"0.37461","1.00000","0.37461","A0A026VZR5",""
"GO:0005774","vacuolar membrane",61,1,0.48,66,"0.38452","1.00000","0.38452","A0A026X3S9",""
"GO:0098794","postsynapse",61,1,0.48,67,"0.38452","1.00000","0.38452","A0A026VZR5",""
"GO:0030659","cytoplasmic vesicle membrane",77,1,0.61,68,"0.45841","1.00000","0.45841","A0A026WMB6",""
"GO:0005918","septate junction",78,1,0.62,69,"0.46273","1.00000","0.46273","A0A026X5F3",""
"GO:0045177","apical part of cell",197,2,1.56,22,"0.46349","0.46349","0.46349","A0A026VZ91;A0A026X3S9",";"
"GO:0012506","vesicle membrane",84,1,0.66,70,"0.48793","1.00000","0.48793","A0A026WMB6",""
"GO:0070160","tight junction",87,1,0.69,71,"0.50009","1.00000","0.50009","A0A026X5F3",""
"GO:0005777","peroxisome",98,1,0.77,23,"0.54229","0.54229","0.54229","A0A026WG66",""
"GO:0016324","apical plasma membrane",98,1,0.77,72,"0.54229","1.00000","0.54229","A0A026VZ91",""
"GO:0042579","microbody",98,1,0.77,73,"0.54229","1.00000","0.54229","A0A026WG66",""
"GO:0043195","terminal bouton",102,1,0.81,74,"0.55675","1.00000","0.55675","A0A026VZR5",""
"GO:0031410","cytoplasmic vesicle",508,4,4.01,75,"0.57576","1.00000","0.57576","A0A026W5F4;A0A026WMB6;A0A026WT37;A0A026WT83","serp;;;"
"GO:0097708","intracellular vesicle",508,4,4.01,76,"0.57576","1.00000","0.57576","A0A026W5F4;A0A026WMB6;A0A026WT37;A0A026WT83","serp;;;"
"GO:0099503","secretory vesicle",108,1,0.85,77,"0.57759","1.00000","0.57759","A0A026WMB6",""
"GO:0043679","axon terminus",111,1,0.88,78,"0.58765","1.00000","0.58765","A0A026VZR5",""
"GO:0044306","neuron projection terminus",111,1,0.88,79,"0.58765","1.00000","0.58765","A0A026VZR5",""
"GO:0043296","apical junction complex",118,1,0.93,80,"0.61022","1.00000","0.61022","A0A026X5F3",""
"GO:0098805","whole membrane",269,2,2.12,81,"0.63238","1.00000","0.63238","A0A026WMB6;A0A026X3S9",";"
"GO:0031594","neuromuscular junction",132,1,1.04,82,"0.65176","1.00000","0.65176","A0A026VZR5",""
"GO:0005768","endosome",290,2,2.29,83,"0.67332","1.00000","0.67332","A0A026WT37;A0A026WT83","serp;"
"GO:0150034","distal axon",149,1,1.18,84,"0.69638","1.00000","0.69638","A0A026VZR5",""
"GO:0098590","plasma membrane region",324,2,2.56,85,"0.73185","1.00000","0.73185","A0A026VZ91;A0A026VZR5",";"
"GO:0098588","bounding membrane of organelle",326,2,2.57,86,"0.73500","1.00000","0.73500","A0A026WMB6;A0A026X3S9",";"
"GO:0005794","Golgi apparatus",369,2,2.91,25,"0.79565","0.79565","0.79565","A0A026VVE4;A0A026VVU9",";"
"GO:0099081","supramolecular polymer",207,1,1.63,87,"0.81023","1.00000","0.81023","A0A026VY86",""
"GO:0098797","plasma membrane protein complex",208,1,1.64,88,"0.81176","1.00000","0.81176","A0A026W9I5",""
"GO:0098793","presynapse",236,1,1.86,89,"0.85016","1.00000","0.85016","A0A026VZR5",""
"GO:0030424","axon",243,1,1.92,90,"0.85848","1.00000","0.85848","A0A026VZR5",""
"GO:0005911","cell-cell junction",253,1,2,91,"0.86959","1.00000","0.86959","A0A026X5F3",""
"GO:0070161","anchoring junction",253,1,2,92,"0.86959","1.00000","0.86959","A0A026X5F3",""
"GO:0005829","cytosol",626,3,4.94,28,"0.88137","0.96242","0.88137","A0A026WDB2;A0A026WM97;A0A026WSS1",";;"
"GO:0005886","plasma membrane",1399,8,11.05,32,"0.88382","0.97601","0.88382","A0A026VZ91;A0A026VZR5;A0A026W0Q1;A0A026W9I5;A0A026WMB6;A0A026WTK0;A0A026X3S9;A0A026X5F3",";;;;;;;"
"GO:0005700","polytene chromosome",271,1,2.14,26,"0.88746","0.88746","0.88746","A0A026WDK1",""
"GO:0012505","endomembrane system",1161,6,9.17,33,"0.91201","0.99002","0.91201","A0A026VVE4;A0A026VVU9;A0A026WG72;A0A026WMB6;A0A026WT37;A0A026WT83",";serp;;;;"
"GO:0031224","intrinsic component of membrane",1212,6,9.57,27,"0.93157","0.93562","0.93157","A0A026VWV8;A0A026VZR5;A0A026W1C7;A0A026W656;A0A026WTK0;A0A026X5F3",";;;;;"
"GO:0098796","membrane protein complex",539,2,4.26,93,"0.93267","1.00000","1.00000","A0A026W9I5;A0A026X3S9",";"
"GO:0099080","supramolecular complex",335,1,2.65,94,"0.93355","1.00000","0.93355","A0A026VY86",""
"GO:0071944","cell periphery",1546,8,12.21,31,"0.93991","0.97021","0.93991","A0A026VZ91;A0A026VZR5;A0A026W0Q1;A0A026W9I5;A0A026WMB6;A0A026WTK0;A0A026X3S9;A0A026X5F3",";;;;;;;"
"GO:0043005","neuron projection",359,1,2.83,95,"0.94552","1.00000","0.94552","A0A026VZR5",""
"GO:0045202","synapse",366,1,2.89,96,"0.94859","1.00000","0.94859","A0A026VZR5",""
"GO:0030054","cell junction",594,2,4.69,97,"0.95404","1.00000","0.95404","A0A026VZR5;A0A026X5F3",";"
"GO:0005783","endoplasmic reticulum",413,1,3.26,29,"0.96523","0.96523","0.96523","A0A026WG72",""
"GO:0016021","integral component of membrane",1178,5,9.3,30,"0.96556","0.96556","0.96556","A0A026VWV8;A0A026VZR5;A0A026W1C7;A0A026WTK0;A0A026X5F3",";;;;"
"GO:0016020","membrane",2426,13,19.16,34,"0.96942","0.99492","0.98970","A0A026VWV8;A0A026VZ91;A0A026VZR5;A0A026W0Q1;A0A026W1C7;A0A026W656;A0A026W9I5;A0A026WH94;A0A026WMB6;A0A026WPJ5;A0A026WTK0;A0A026X3S9;A0A026X5F3",";;;;;;;;;;;;"
"GO:0031090","organelle membrane",729,2,5.76,98,"0.98266","1.00000","0.98266","A0A026WMB6;A0A026X3S9",";"
"GO:0120025","plasma membrane bounded cell projection",582,1,4.6,99,"0.99165","1.00000","0.99165","A0A026VZR5",""
"GO:0042995","cell projection",584,1,4.61,100,"0.99179","1.00000","0.99179","A0A026VZR5",""
"GO:0005887","integral component of plasma membrane",597,1,4.71,101,"0.99265","1.00000","0.99265","A0A026X5F3",""
"GO:0031226","intrinsic component of plasma membrane",621,1,4.9,102,"0.99402","1.00000","0.99402","A0A026X5F3",""
"GO:0005737","cytoplasm",4505,26,35.57,35,"0.99406","0.99952","0.99861","A0A026VVE4;A0A026VVU9;A0A026VWQ3;A0A026VZR5;A0A026W073;A0A026W0P7;A0A026W4U7;A0A026W5F4;A0A026W656;A0A026W6F6;A0A026WDB2;A0A026WG66;A0A026WG72;A0A026WI06;A0A026WL55;A0A026WM97;A0A026WMB6;A0A026WSE1;A0A026WSS1;A0A026WT37;A0A026WT83;A0A026WTW5;A0A026WV46;A0A026WYH3;A0A026WYV1;A0A026X3S9",";;;;serp;;;;;;;;;;;;;;;;;;;;;"
"GO:0005694","chromosome",648,1,5.12,103,"0.99526","1.00000","0.99526","A0A026WDK1",""
"GO:0032991","protein-containing complex",3068,9,24.22,104,"0.99999","1.00000","1.00000","A0A026VVE4;A0A026VVU9;A0A026VY86;A0A026W9I5;A0A026WN66;A0A026WWS5;A0A026WWV0;A0A026WXR1;A0A026X3S9",";;;;;;;;"
"GO:0043228","non-membrane-bounded organelle",1713,1,13.53,105,"1.00000","1.00000","1.00000","A0A026WDK1",""
"GO:0043232","intracellular non-membrane-bounded organ...",1713,1,13.53,106,"1.00000","1.00000","1.00000","A0A026WDK1",""
"GO:0043227","membrane-bounded organelle",4770,18,37.66,39,"1.00000","1.00000","1.00000","A0A026VVE4;A0A026VVU9;A0A026W073;A0A026W5F4;A0A026W656;A0A026W6F6;A0A026WDK1;A0A026WG66;A0A026WG72;A0A026WGA6;A0A026WL55;A0A026WMB6;A0A026WSE1;A0A026WSH9;A0A026WT37;A0A026WT83;A0A026WTW5;A0A026X3S9",";;;;serp;;;;;;;;;;;;;"
"GO:0043231","intracellular membrane-bounded organelle",4418,14,34.88,37,"1.00000","1.00000","1.00000","A0A026VVE4;A0A026VVU9;A0A026W073;A0A026W656;A0A026W6F6;A0A026WDK1;A0A026WG66;A0A026WG72;A0A026WGA6;A0A026WL55;A0A026WSE1;A0A026WSH9;A0A026WTW5;A0A026X3S9",";;;;;;;;;;;;;"
"GO:0005634","nucleus",2785,4,21.99,36,"1.00000","1.00000","1.00000","A0A026W073;A0A026WDK1;A0A026WGA6;A0A026WSH9",";;;"
"GO:0043226","organelle",5456,19,43.08,38,"1.00000","1.00000","1.00000","A0A026VVE4;A0A026VVU9;A0A026VZR5;A0A026W073;A0A026W5F4;A0A026W656;A0A026W6F6;A0A026WDK1;A0A026WG66;A0A026WG72;A0A026WGA6;A0A026WL55;A0A026WMB6;A0A026WSE1;A0A026WSH9;A0A026WT37;A0A026WT83;A0A026WTW5;A0A026X3S9",";;;;serp;;;;;;;;;;;;;;"
"GO:0043229","intracellular organelle",5380,18,42.48,41,"1.00000","1.00000","1.00000","A0A026VVE4;A0A026VVU9;A0A026W073;A0A026W5F4;A0A026W656;A0A026W6F6;A0A026WDK1;A0A026WG66;A0A026WG72;A0A026WGA6;A0A026WL55;A0A026WMB6;A0A026WSE1;A0A026WSH9;A0A026WT37;A0A026WT83;A0A026WTW5;A0A026X3S9",";;;;serp;;;;;;;;;;;;;"
"GO:0005622","intracellular",6673,29,52.69,40,"1.00000","1.00000","1.00000","A0A026VVE4;A0A026VVU9;A0A026VWQ3;A0A026VZR5;A0A026W073;A0A026W0P7;A0A026W4U7;A0A026W5F4;A0A026W656;A0A026W6F6;A0A026WDB2;A0A026WDK1;A0A026WG66;A0A026WG72;A0A026WGA6;A0A026WI06;A0A026WL55;A0A026WM97;A0A026WMB6;A0A026WSE1;A0A026WSH9;A0A026WSS1;A0A026WT37;A0A026WT83;A0A026WTW5;A0A026WV46;A0A026WYH3;A0A026WYV1;A0A026X3S9",";;;;;serp;;;;;;;;;;;;;;;;;;;;;;;"
"GO:0005575","cellular_component",8232,65,65,107,"1.00000","1.00000","1.00000","A0A026VU23;A0A026VVE4;A0A026VVU9;A0A026VWQ3;A0A026VWV8;A0A026VY86;A0A026VZ76;A0A026VZ91;A0A026VZR5;A0A026W073;A0A026W0P7;A0A026W0Q1;A0A026W1C7;A0A026W2Z6;A0A026W4J5;A0A026W4U7;A0A026W5E2;A0A026W5F4;A0A026W656;A0A026W6F6;A0A026W6F8;A0A026W707;A0A026W798;A0A026W9I5;A0A026WDB2;A0A026WDF3;A0A026WDK1;A0A026WEW7;A0A026WF43;A0A026WG30;A0A026WG66;A0A026WG72;A0A026WGA6;A0A026WH69;A0A026WH94;A0A026WI06;A0A026WI68;A0A026WKW2;A0A026WL55;A0A026WLZ5;A0A026WM97;A0A026WMA6;A0A026WMB6;A0A026WN66;A0A026WPJ5;A0A026WSE1;A0A026WSH9;A0A026WSS1;A0A026WT17;A0A026WT37;A0A026WT83;A0A026WTK0;A0A026WTW5;A0A026WUA2;A0A026WV46;A0A026WW33;A0A026WWS5;A0A026WWV0;A0A026WXR1;A0A026WYH3;A0A026WYV1;A0A026X0F2;A0A026X1V9;A0A026X3S9;A0A026X5F3",";;;;;;;;;serp;;;;;;;;;;;;;;;;;;;;;;;;;;;;;;;;;;;;;;;;;;;;;;;;;;;;;;;"
"GO:0000109","nucleotide-excision repair complex",6,0,0.05,108,"1.00000","1.00000","1.00000","",""
"GO:0000110","nucleotide-excision repair factor 1 comp...",4,0,0.03,109,"1.00000","1.00000","1.00000","",""
"GO:0000118","histone deacetylase complex",40,0,0.32,110,"1.00000","1.00000","1.00000","",""
"GO:0000123","histone acetyltransferase complex",85,0,0.67,111,"1.00000","1.00000","1.00000","",""
"GO:0000124","SAGA complex",20,0,0.16,112,"1.00000","1.00000","1.00000","",""
"GO:0000126","transcription factor TFIIIB complex",5,0,0.04,113,"1.00000","1.00000","1.00000","",""
"GO:0000127","transcription factor TFIIIC complex",3,0,0.02,114,"1.00000","1.00000","1.00000","",""
"GO:0000137","Golgi cis cisterna",15,0,0.12,115,"1.00000","1.00000","1.00000","",""
"GO:0000138","Golgi trans cisterna",12,0,0.09,116,"1.00000","1.00000","1.00000","",""
"GO:0000139","Golgi membrane",70,0,0.55,117,"1.00000","1.00000","1.00000","",""
"GO:0000145","exocyst",11,0,0.09,118,"1.00000","1.00000","1.00000","",""
"GO:0000151","ubiquitin ligase complex",159,0,1.26,119,"1.00000","1.00000","1.00000","",""
"GO:0000152","nuclear ubiquitin ligase complex",29,0,0.23,120,"1.00000","1.00000","1.00000","",""
"GO:0000153","cytoplasmic ubiquitin ligase complex",6,0,0.05,121,"1.00000","1.00000","1.00000","",""
"GO:0000159","protein phosphatase type 2A complex",7,0,0.06,122,"1.00000","1.00000","1.00000","",""
"GO:0000164","protein phosphatase type 1 complex",5,0,0.04,123,"1.00000","1.00000","1.00000","",""
"GO:0000172","ribonuclease MRP complex",9,0,0.07,124,"1.00000","1.00000","1.00000","",""
"GO:0000176","nuclear exosome (RNase complex)",11,0,0.09,125,"1.00000","1.00000","1.00000","",""
"GO:0000177","cytoplasmic exosome (RNase complex)",10,0,0.08,126,"1.00000","1.00000","1.00000","",""
"GO:0000178","exosome (RNase complex)",16,0,0.13,127,"1.00000","1.00000","1.00000","",""
"GO:0000214","tRNA-intron endonuclease complex",4,0,0.03,128,"1.00000","1.00000","1.00000","",""
"GO:0000220","vacuolar proton-transporting V-type ATPa...",5,0,0.04,129,"1.00000","1.00000","1.00000","",""
"GO:0000221","vacuolar proton-transporting V-type ATPa...",9,0,0.07,130,"1.00000","1.00000","1.00000","",""
"GO:0000228","nuclear chromosome",252,0,1.99,131,"1.00000","1.00000","1.00000","",""
"GO:0000242","pericentriolar material",23,0,0.18,132,"1.00000","1.00000","1.00000","",""
"GO:0000243","commitment complex",8,0,0.06,133,"1.00000","1.00000","1.00000","",""
"GO:0000275","mitochondrial proton-transporting ATP sy...",8,0,0.06,134,"1.00000","1.00000","1.00000","",""
"GO:0000276","mitochondrial proton-transporting ATP sy...",8,0,0.06,135,"1.00000","1.00000","1.00000","",""
"GO:0000307","cyclin-dependent protein kinase holoenzy...",17,0,0.13,136,"1.00000","1.00000","1.00000","",""
"GO:0000313","organellar ribosome",92,0,0.73,137,"1.00000","1.00000","1.00000","",""
"GO:0000314","organellar small ribosomal subunit",40,0,0.32,138,"1.00000","1.00000","1.00000","",""
"GO:0000315","organellar large ribosomal subunit",56,0,0.44,139,"1.00000","1.00000","1.00000","",""
"GO:0000346","transcription export complex",13,0,0.1,140,"1.00000","1.00000","1.00000","",""
"GO:0000347","THO complex",10,0,0.08,141,"1.00000","1.00000","1.00000","",""
"GO:0000407","phagophore assembly site",29,0,0.23,142,"1.00000","1.00000","1.00000","",""
"GO:0000408","EKC/KEOPS complex",3,0,0.02,143,"1.00000","1.00000","1.00000","",""
"GO:0000421","autophagosome membrane",7,0,0.06,144,"1.00000","1.00000","1.00000","",""
"GO:0000428","DNA-directed RNA polymerase complex",160,0,1.26,145,"1.00000","1.00000","1.00000","",""
"GO:0000439","transcription factor TFIIH core complex",9,0,0.07,146,"1.00000","1.00000","1.00000","",""
"GO:0000445","THO complex part of transcription export...",6,0,0.05,147,"1.00000","1.00000","1.00000","",""
"GO:0000502","proteasome complex",51,0,0.4,148,"1.00000","1.00000","1.00000","",""
"GO:0000506","glycosylphosphatidylinositol-N-acetylglu...",10,0,0.08,149,"1.00000","1.00000","1.00000","",""
"GO:0000775","chromosome, centromeric region",92,0,0.73,150,"1.00000","1.00000","1.00000","",""
"GO:0000776","kinetochore",60,0,0.47,151,"1.00000","1.00000","1.00000","",""
"GO:0000777","condensed chromosome kinetochore",22,0,0.17,152,"1.00000","1.00000","1.00000","",""
"GO:0000778","condensed nuclear chromosome kinetochore",5,0,0.04,153,"1.00000","1.00000","1.00000","",""
"GO:0000779","condensed chromosome, centromeric region",29,0,0.23,154,"1.00000","1.00000","1.00000","",""
"GO:0000780","condensed nuclear chromosome, centromeri...",15,0,0.12,155,"1.00000","1.00000","1.00000","",""
"GO:0000781","chromosome, telomeric region",21,0,0.17,156,"1.00000","1.00000","1.00000","",""
"GO:0000784","nuclear chromosome, telomeric region",10,0,0.08,157,"1.00000","1.00000","1.00000","",""
"GO:0000785","chromatin",292,0,2.31,158,"1.00000","1.00000","1.00000","",""
"GO:0000786","nucleosome",5,0,0.04,159,"1.00000","1.00000","1.00000","",""
"GO:0000790","nuclear chromatin",146,0,1.15,160,"1.00000","1.00000","1.00000","",""
"GO:0000791","euchromatin",41,0,0.32,161,"1.00000","1.00000","1.00000","",""
"GO:0000792","heterochromatin",57,0,0.45,162,"1.00000","1.00000","1.00000","",""
"GO:0000793","condensed chromosome",81,0,0.64,163,"1.00000","1.00000","1.00000","",""
"GO:0000794","condensed nuclear chromosome",39,0,0.31,164,"1.00000","1.00000","1.00000","",""
"GO:0000795","synaptonemal complex",4,0,0.03,165,"1.00000","1.00000","1.00000","",""
"GO:0000796","condensin complex",8,0,0.06,166,"1.00000","1.00000","1.00000","",""
"GO:0000798","nuclear cohesin complex",3,0,0.02,167,"1.00000","1.00000","1.00000","",""
"GO:0000799","nuclear condensin complex",4,0,0.03,168,"1.00000","1.00000","1.00000","",""
"GO:0000803","sex chromosome",12,0,0.09,169,"1.00000","1.00000","1.00000","",""
"GO:0000805","X chromosome",12,0,0.09,170,"1.00000","1.00000","1.00000","",""
"GO:0000808","origin recognition complex",8,0,0.06,171,"1.00000","1.00000","1.00000","",""
"GO:0000811","GINS complex",6,0,0.05,172,"1.00000","1.00000","1.00000","",""
"GO:0000813","ESCRT I complex",10,0,0.08,173,"1.00000","1.00000","1.00000","",""
"GO:0000814","ESCRT II complex",3,0,0.02,174,"1.00000","1.00000","1.00000","",""
"GO:0000815","ESCRT III complex",8,0,0.06,175,"1.00000","1.00000","1.00000","",""
"GO:0000922","spindle pole",51,0,0.4,176,"1.00000","1.00000","1.00000","",""
"GO:0000923","equatorial microtubule organizing center",8,0,0.06,177,"1.00000","1.00000","1.00000","",""
"GO:0000930","gamma-tubulin complex",9,0,0.07,178,"1.00000","1.00000","1.00000","",""
"GO:0000931","gamma-tubulin large complex",6,0,0.05,179,"1.00000","1.00000","1.00000","",""
"GO:0000932","P-body",45,0,0.36,180,"1.00000","1.00000","1.00000","",""
"GO:0000938","GARP complex",8,0,0.06,181,"1.00000","1.00000","1.00000","",""
"GO:0000940","condensed chromosome outer kinetochore",21,0,0.17,182,"1.00000","1.00000","1.00000","",""
"GO:0000974","Prp19 complex",19,0,0.15,183,"1.00000","1.00000","1.00000","",""
"GO:0001405","PAM complex, Tim23 associated import mot...",4,0,0.03,184,"1.00000","1.00000","1.00000","",""
"GO:0001673","male germ cell nucleus",4,0,0.03,185,"1.00000","1.00000","1.00000","",""
"GO:0001674","female germ cell nucleus",13,0,0.1,186,"1.00000","1.00000","1.00000","",""
"GO:0001725","stress fiber",3,0,0.02,187,"1.00000","1.00000","1.00000","",""
"GO:0001726","ruffle",6,0,0.05,188,"1.00000","1.00000","1.00000","",""
"GO:0005635","nuclear envelope",125,0,0.99,189,"1.00000","1.00000","1.00000","",""
"GO:0005637","nuclear inner membrane",5,0,0.04,190,"1.00000","1.00000","1.00000","",""
"GO:0005640","nuclear outer membrane",4,0,0.03,191,"1.00000","1.00000","1.00000","",""
"GO:0005643","nuclear pore",54,0,0.43,192,"1.00000","1.00000","1.00000","",""
"GO:0005652","nuclear lamina",12,0,0.09,193,"1.00000","1.00000","1.00000","",""
"GO:0005654","nucleoplasm",543,0,4.29,194,"1.00000","1.00000","1.00000","",""
"GO:0005655","nucleolar ribonuclease P complex",9,0,0.07,195,"1.00000","1.00000","1.00000","",""
"GO:0005656","nuclear pre-replicative complex",4,0,0.03,196,"1.00000","1.00000","1.00000","",""
"GO:0005657","replication fork",43,0,0.34,197,"1.00000","1.00000","1.00000","",""
"GO:0005658","alpha DNA polymerase:primase complex",9,0,0.07,198,"1.00000","1.00000","1.00000","",""
"GO:0005663","DNA replication factor C complex",7,0,0.06,199,"1.00000","1.00000","1.00000","",""
"GO:0005664","nuclear origin of replication recognitio...",8,0,0.06,200,"1.00000","1.00000","1.00000","",""
"GO:0005665","RNA polymerase II, core complex",19,0,0.15,201,"1.00000","1.00000","1.00000","",""
"GO:0005666","RNA polymerase III complex",24,0,0.19,202,"1.00000","1.00000","1.00000","",""
"GO:0005667","transcription regulator complex",212,0,1.67,203,"1.00000","1.00000","1.00000","",""
"GO:0005669","transcription factor TFIID complex",26,0,0.21,204,"1.00000","1.00000","1.00000","",""
"GO:0005671","Ada2/Gcn5/Ada3 transcription activator c...",20,0,0.16,205,"1.00000","1.00000","1.00000","",""
"GO:0005672","transcription factor TFIIA complex",3,0,0.02,206,"1.00000","1.00000","1.00000","",""
"GO:0005674","transcription factor TFIIF complex",4,0,0.03,207,"1.00000","1.00000","1.00000","",""
"GO:0005675","transcription factor TFIIH holo complex",15,0,0.12,208,"1.00000","1.00000","1.00000","",""
"GO:0005677","chromatin silencing complex",6,0,0.05,209,"1.00000","1.00000","1.00000","",""
"GO:0005680","anaphase-promoting complex",18,0,0.14,210,"1.00000","1.00000","1.00000","",""
"GO:0005681","spliceosomal complex",102,0,0.81,211,"1.00000","1.00000","1.00000","",""
"GO:0005682","U5 snRNP",20,0,0.16,212,"1.00000","1.00000","1.00000","",""
"GO:0005683","U7 snRNP",3,0,0.02,213,"1.00000","1.00000","1.00000","",""
"GO:0005684","U2-type spliceosomal complex",38,0,0.3,214,"1.00000","1.00000","1.00000","",""
"GO:0005685","U1 snRNP",19,0,0.15,215,"1.00000","1.00000","1.00000","",""
"GO:0005686","U2 snRNP",25,0,0.2,216,"1.00000","1.00000","1.00000","",""
"GO:0005687","U4 snRNP",6,0,0.05,217,"1.00000","1.00000","1.00000","",""
"GO:0005688","U6 snRNP",8,0,0.06,218,"1.00000","1.00000","1.00000","",""
"GO:0005689","U12-type spliceosomal complex",17,0,0.13,219,"1.00000","1.00000","1.00000","",""
"GO:0005693","U12 snRNP",3,0,0.02,220,"1.00000","1.00000","1.00000","",""
"GO:0005697","telomerase holoenzyme complex",7,0,0.06,221,"1.00000","1.00000","1.00000","",""
"GO:0005701","polytene chromosome chromocenter",16,0,0.13,222,"1.00000","1.00000","1.00000","",""
"GO:0005703","polytene chromosome puff",59,0,0.47,223,"1.00000","1.00000","1.00000","",""
"GO:0005704","polytene chromosome band",13,0,0.1,224,"1.00000","1.00000","1.00000","",""
"GO:0005705","polytene chromosome interband",49,0,0.39,225,"1.00000","1.00000","1.00000","",""
"GO:0005719","nuclear euchromatin",19,0,0.15,226,"1.00000","1.00000","1.00000","",""
"GO:0005720","nuclear heterochromatin",9,0,0.07,227,"1.00000","1.00000","1.00000","",""
"GO:0005721","pericentric heterochromatin",16,0,0.13,228,"1.00000","1.00000","1.00000","",""
"GO:0005722","beta-heterochromatin",3,0,0.02,229,"1.00000","1.00000","1.00000","",""
"GO:0005725","intercalary heterochromatin",4,0,0.03,230,"1.00000","1.00000","1.00000","",""
"GO:0005730","nucleolus",277,0,2.19,231,"1.00000","1.00000","1.00000","",""
"GO:0005732","small nucleolar ribonucleoprotein comple...",30,0,0.24,232,"1.00000","1.00000","1.00000","",""
"GO:0005736","RNA polymerase I complex",16,0,0.13,233,"1.00000","1.00000","1.00000","",""
"GO:0005739","mitochondrion",857,0,6.77,234,"1.00000","1.00000","1.00000","",""
"GO:0005740","mitochondrial envelope",298,0,2.35,235,"1.00000","1.00000","1.00000","",""
"GO:0005741","mitochondrial outer membrane",39,0,0.31,236,"1.00000","1.00000","1.00000","",""
"GO:0005742","mitochondrial outer membrane translocase...",7,0,0.06,237,"1.00000","1.00000","1.00000","",""
"GO:0005743","mitochondrial inner membrane",224,0,1.77,238,"1.00000","1.00000","1.00000","",""
"GO:0005744","TIM23 mitochondrial import inner membran...",15,0,0.12,239,"1.00000","1.00000","1.00000","",""
"GO:0005746","mitochondrial respirasome",81,0,0.64,240,"1.00000","1.00000","1.00000","",""
"GO:0005747","mitochondrial respiratory chain complex ...",44,0,0.35,241,"1.00000","1.00000","1.00000","",""
"GO:0005749","mitochondrial respiratory chain complex ...",5,0,0.04,242,"1.00000","1.00000","1.00000","",""
"GO:0005750","mitochondrial respiratory chain complex ...",12,0,0.09,243,"1.00000","1.00000","1.00000","",""
"GO:0005751","mitochondrial respiratory chain complex ...",20,0,0.16,244,"1.00000","1.00000","1.00000","",""
"GO:0005753","mitochondrial proton-transporting ATP sy...",16,0,0.13,245,"1.00000","1.00000","1.00000","",""
"GO:0005758","mitochondrial intermembrane space",25,0,0.2,246,"1.00000","1.00000","1.00000","",""
"GO:0005759","mitochondrial matrix",201,0,1.59,247,"1.00000","1.00000","1.00000","",""
"GO:0005761","mitochondrial ribosome",92,0,0.73,248,"1.00000","1.00000","1.00000","",""
"GO:0005762","mitochondrial large ribosomal subunit",56,0,0.44,249,"1.00000","1.00000","1.00000","",""
"GO:0005763","mitochondrial small ribosomal subunit",40,0,0.32,250,"1.00000","1.00000","1.00000","",""
"GO:0005765","lysosomal membrane",28,0,0.22,251,"1.00000","1.00000","1.00000","",""
"GO:0005767","secondary lysosome",11,0,0.09,252,"1.00000","1.00000","1.00000","",""
"GO:0005769","early endosome",65,0,0.51,253,"1.00000","1.00000","1.00000","",""
"GO:0005771","multivesicular body",14,0,0.11,254,"1.00000","1.00000","1.00000","",""
"GO:0005776","autophagosome",43,0,0.34,255,"1.00000","1.00000","1.00000","",""
"GO:0005778","peroxisomal membrane",25,0,0.2,256,"1.00000","1.00000","1.00000","",""
"GO:0005779","integral component of peroxisomal membra...",5,0,0.04,257,"1.00000","1.00000","1.00000","",""
"GO:0005786","signal recognition particle, endoplasmic...",7,0,0.06,258,"1.00000","1.00000","1.00000","",""
"GO:0005787","signal peptidase complex",5,0,0.04,259,"1.00000","1.00000","1.00000","",""
"GO:0005788","endoplasmic reticulum lumen",5,0,0.04,260,"1.00000","1.00000","1.00000","",""
"GO:0005789","endoplasmic reticulum membrane",172,0,1.36,261,"1.00000","1.00000","1.00000","",""
"GO:0005790","smooth endoplasmic reticulum",6,0,0.05,262,"1.00000","1.00000","1.00000","",""
"GO:0005791","rough endoplasmic reticulum",15,0,0.12,263,"1.00000","1.00000","1.00000","",""
"GO:0005793","endoplasmic reticulum-Golgi intermediate...",6,0,0.05,264,"1.00000","1.00000","1.00000","",""
"GO:0005795","Golgi stack",73,0,0.58,265,"1.00000","1.00000","1.00000","",""
"GO:0005797","Golgi medial cisterna",16,0,0.13,266,"1.00000","1.00000","1.00000","",""
"GO:0005798","Golgi-associated vesicle",55,0,0.43,267,"1.00000","1.00000","1.00000","",""
"GO:0005801","cis-Golgi network",7,0,0.06,268,"1.00000","1.00000","1.00000","",""
"GO:0005802","trans-Golgi network",48,0,0.38,269,"1.00000","1.00000","1.00000","",""
"GO:0005811","lipid droplet",10,0,0.08,270,"1.00000","1.00000","1.00000","",""
"GO:0005813","centrosome",123,0,0.97,271,"1.00000","1.00000","1.00000","",""
"GO:0005814","centriole",36,0,0.28,272,"1.00000","1.00000","1.00000","",""
"GO:0005815","microtubule organizing center",153,0,1.21,273,"1.00000","1.00000","1.00000","",""
"GO:0005818","aster",15,0,0.12,274,"1.00000","1.00000","1.00000","",""
"GO:0005819","spindle",128,0,1.01,275,"1.00000","1.00000","1.00000","",""
"GO:0005826","actomyosin contractile ring",4,0,0.03,276,"1.00000","1.00000","1.00000","",""
"GO:0005827","polar microtubule",4,0,0.03,277,"1.00000","1.00000","1.00000","",""
"GO:0005828","kinetochore microtubule",22,0,0.17,278,"1.00000","1.00000","1.00000","",""
"GO:0005832","chaperonin-containing T-complex",11,0,0.09,279,"1.00000","1.00000","1.00000","",""
"GO:0005834","heterotrimeric G-protein complex",11,0,0.09,280,"1.00000","1.00000","1.00000","",""
"GO:0005838","proteasome regulatory particle",28,0,0.22,281,"1.00000","1.00000","1.00000","",""
"GO:0005839","proteasome core complex",15,0,0.12,282,"1.00000","1.00000","1.00000","",""
"GO:0005840","ribosome",226,0,1.78,283,"1.00000","1.00000","1.00000","",""
"GO:0005844","polysome",18,0,0.14,284,"1.00000","1.00000","1.00000","",""
"GO:0005845","mRNA cap binding complex",4,0,0.03,285,"1.00000","1.00000","1.00000","",""
"GO:0005847","mRNA cleavage and polyadenylation specif...",20,0,0.16,286,"1.00000","1.00000","1.00000","",""
"GO:0005848","mRNA cleavage stimulating factor complex",5,0,0.04,287,"1.00000","1.00000","1.00000","",""
"GO:0005849","mRNA cleavage factor complex",25,0,0.2,288,"1.00000","1.00000","1.00000","",""
"GO:0005850","eukaryotic translation initiation factor...",3,0,0.02,289,"1.00000","1.00000","1.00000","",""
"GO:0005851","eukaryotic translation initiation factor...",7,0,0.06,290,"1.00000","1.00000","1.00000","",""
"GO:0005852","eukaryotic translation initiation factor...",28,0,0.22,291,"1.00000","1.00000","1.00000","",""
"GO:0005853","eukaryotic translation elongation factor...",11,0,0.09,292,"1.00000","1.00000","1.00000","",""
"GO:0005856","cytoskeleton",548,0,4.33,293,"1.00000","1.00000","1.00000","",""
"GO:0005858","axonemal dynein complex",52,0,0.41,294,"1.00000","1.00000","1.00000","",""
"GO:0005859","muscle myosin complex",8,0,0.06,295,"1.00000","1.00000","1.00000","",""
"GO:0005863","striated muscle myosin thick filament",7,0,0.06,296,"1.00000","1.00000","1.00000","",""
"GO:0005865","striated muscle thin filament",7,0,0.06,297,"1.00000","1.00000","1.00000","",""
"GO:0005868","cytoplasmic dynein complex",13,0,0.1,298,"1.00000","1.00000","1.00000","",""
"GO:0005869","dynactin complex",13,0,0.1,299,"1.00000","1.00000","1.00000","",""
"GO:0005871","kinesin complex",56,0,0.44,300,"1.00000","1.00000","1.00000","",""
"GO:0005874","microtubule",83,0,0.66,301,"1.00000","1.00000","1.00000","",""
"GO:0005875","microtubule associated complex",192,0,1.52,302,"1.00000","1.00000","1.00000","",""
"GO:0005876","spindle microtubule",55,0,0.43,303,"1.00000","1.00000","1.00000","",""
"GO:0005879","axonemal microtubule",3,0,0.02,304,"1.00000","1.00000","1.00000","",""
"GO:0005881","cytoplasmic microtubule",5,0,0.04,305,"1.00000","1.00000","1.00000","",""
"GO:0005884","actin filament",19,0,0.15,306,"1.00000","1.00000","1.00000","",""
"GO:0005885","Arp2/3 protein complex",14,0,0.11,307,"1.00000","1.00000","1.00000","",""
"GO:0005890","sodium:potassium-exchanging ATPase compl...",6,0,0.05,308,"1.00000","1.00000","1.00000","",""
"GO:0005891","voltage-gated calcium channel complex",9,0,0.07,309,"1.00000","1.00000","1.00000","",""
"GO:0005892","acetylcholine-gated channel complex",16,0,0.13,310,"1.00000","1.00000","1.00000","",""
"GO:0005902","microvillus",15,0,0.12,311,"1.00000","1.00000","1.00000","",""
"GO:0005903","brush border",7,0,0.06,312,"1.00000","1.00000","1.00000","",""
"GO:0005905","clathrin-coated pit",15,0,0.12,313,"1.00000","1.00000","1.00000","",""
"GO:0005912","adherens junction",145,0,1.14,314,"1.00000","1.00000","1.00000","",""
"GO:0005914","spot adherens junction",5,0,0.04,315,"1.00000","1.00000","1.00000","",""
"GO:0005915","zonula adherens",14,0,0.11,316,"1.00000","1.00000","1.00000","",""
"GO:0005917","nephrocyte diaphragm",8,0,0.06,317,"1.00000","1.00000","1.00000","",""
"GO:0005919","pleated septate junction",7,0,0.06,318,"1.00000","1.00000","1.00000","",""
"GO:0005921","gap junction",7,0,0.06,319,"1.00000","1.00000","1.00000","",""
"GO:0005923","bicellular tight junction",5,0,0.04,320,"1.00000","1.00000","1.00000","",""
"GO:0005925","focal adhesion",48,0,0.38,321,"1.00000","1.00000","1.00000","",""
"GO:0005927","muscle tendon junction",23,0,0.18,322,"1.00000","1.00000","1.00000","",""
"GO:0005929","cilium",169,0,1.33,323,"1.00000","1.00000","1.00000","",""
"GO:0005930","axoneme",82,0,0.65,324,"1.00000","1.00000","1.00000","",""
"GO:0005938","cell cortex",236,0,1.86,325,"1.00000","1.00000","1.00000","",""
"GO:0005940","septin ring",8,0,0.06,326,"1.00000","1.00000","1.00000","",""
"GO:0005942","phosphatidylinositol 3-kinase complex",10,0,0.08,327,"1.00000","1.00000","1.00000","",""
"GO:0005943","phosphatidylinositol 3-kinase complex, c...",3,0,0.02,328,"1.00000","1.00000","1.00000","",""
"GO:0005947","mitochondrial alpha-ketoglutarate dehydr...",6,0,0.05,329,"1.00000","1.00000","1.00000","",""
"GO:0005955","calcineurin complex",5,0,0.04,330,"1.00000","1.00000","1.00000","",""
"GO:0005956","protein kinase CK2 complex",3,0,0.02,331,"1.00000","1.00000","1.00000","",""
"GO:0005960","glycine cleavage complex",3,0,0.02,332,"1.00000","1.00000","1.00000","",""
"GO:0005964","phosphorylase kinase complex",8,0,0.06,333,"1.00000","1.00000","1.00000","",""
"GO:0005965","protein farnesyltransferase complex",3,0,0.02,334,"1.00000","1.00000","1.00000","",""
"GO:0005968","Rab-protein geranylgeranyltransferase co...",6,0,0.05,335,"1.00000","1.00000","1.00000","",""
"GO:0005971","ribonucleoside-diphosphate reductase com...",3,0,0.02,336,"1.00000","1.00000","1.00000","",""
"GO:0008021","synaptic vesicle",83,0,0.66,337,"1.00000","1.00000","1.00000","",""
"GO:0008023","transcription elongation factor complex",53,0,0.42,338,"1.00000","1.00000","1.00000","",""
"GO:0008024","cyclin/CDK positive transcription elonga...",5,0,0.04,339,"1.00000","1.00000","1.00000","",""
"GO:0008074","guanylate cyclase complex, soluble",37,0,0.29,340,"1.00000","1.00000","1.00000","",""
"GO:0008076","voltage-gated potassium channel complex",16,0,0.13,341,"1.00000","1.00000","1.00000","",""
"GO:0008091","spectrin",7,0,0.06,342,"1.00000","1.00000","1.00000","",""
"GO:0008180","COP9 signalosome",14,0,0.11,343,"1.00000","1.00000","1.00000","",""
"GO:0008230","ecdysone receptor holocomplex",9,0,0.07,344,"1.00000","1.00000","1.00000","",""
"GO:0008231","repressor ecdysone receptor complex",7,0,0.06,345,"1.00000","1.00000","1.00000","",""
"GO:0008232","activator ecdysone receptor complex",7,0,0.06,346,"1.00000","1.00000","1.00000","",""
"GO:0008250","oligosaccharyltransferase complex",11,0,0.09,347,"1.00000","1.00000","1.00000","",""
"GO:0008274","gamma-tubulin ring complex",6,0,0.05,348,"1.00000","1.00000","1.00000","",""
"GO:0008275","gamma-tubulin small complex",4,0,0.03,349,"1.00000","1.00000","1.00000","",""
"GO:0008278","cohesin complex",9,0,0.07,350,"1.00000","1.00000","1.00000","",""
"GO:0008287","protein serine/threonine phosphatase com...",26,0,0.21,351,"1.00000","1.00000","1.00000","",""
"GO:0008290","F-actin capping protein complex",3,0,0.02,352,"1.00000","1.00000","1.00000","",""
"GO:0008303","caspase complex",4,0,0.03,353,"1.00000","1.00000","1.00000","",""
"GO:0008305","integrin complex",9,0,0.07,354,"1.00000","1.00000","1.00000","",""
"GO:0008328","ionotropic glutamate receptor complex",5,0,0.04,355,"1.00000","1.00000","1.00000","",""
"GO:0008540","proteasome regulatory particle, base sub...",14,0,0.11,356,"1.00000","1.00000","1.00000","",""
"GO:0008541","proteasome regulatory particle, lid subc...",13,0,0.1,357,"1.00000","1.00000","1.00000","",""
"GO:0008622","epsilon DNA polymerase complex",3,0,0.02,358,"1.00000","1.00000","1.00000","",""
"GO:0008623","CHRAC",8,0,0.06,359,"1.00000","1.00000","1.00000","",""
"GO:0009295","nucleoid",4,0,0.03,360,"1.00000","1.00000","1.00000","",""
"GO:0009328","phenylalanine-tRNA ligase complex",5,0,0.04,361,"1.00000","1.00000","1.00000","",""
"GO:0009353","mitochondrial oxoglutarate dehydrogenase...",5,0,0.04,362,"1.00000","1.00000","1.00000","",""
"GO:0009361","succinate-CoA ligase complex (ADP-formin...",4,0,0.03,363,"1.00000","1.00000","1.00000","",""
"GO:0009897","external side of plasma membrane",20,0,0.16,364,"1.00000","1.00000","1.00000","",""
"GO:0009898","cytoplasmic side of plasma membrane",63,0,0.5,365,"1.00000","1.00000","1.00000","",""
"GO:0009925","basal plasma membrane",20,0,0.16,366,"1.00000","1.00000","1.00000","",""
"GO:0010008","endosome membrane",60,0,0.47,367,"1.00000","1.00000","1.00000","",""
"GO:0010369","chromocenter",29,0,0.23,368,"1.00000","1.00000","1.00000","",""
"GO:0010494","cytoplasmic stress granule",4,0,0.03,369,"1.00000","1.00000","1.00000","",""
"GO:0012507","ER to Golgi transport vesicle membrane",14,0,0.11,370,"1.00000","1.00000","1.00000","",""
"GO:0012510","trans-Golgi network transport vesicle me...",5,0,0.04,371,"1.00000","1.00000","1.00000","",""
"GO:0014069","postsynaptic density",8,0,0.06,372,"1.00000","1.00000","1.00000","",""
"GO:0015030","Cajal body",25,0,0.2,373,"1.00000","1.00000","1.00000","",""
"GO:0015629","actin cytoskeleton",120,0,0.95,374,"1.00000","1.00000","1.00000","",""
"GO:0015630","microtubule cytoskeleton",383,0,3.02,375,"1.00000","1.00000","1.00000","",""
"GO:0015934","large ribosomal subunit",136,0,1.07,376,"1.00000","1.00000","1.00000","",""
"GO:0015935","small ribosomal subunit",90,0,0.71,377,"1.00000","1.00000","1.00000","",""
"GO:0016006","Nebenkern",14,0,0.11,378,"1.00000","1.00000","1.00000","",""
"GO:0016010","dystrophin-associated glycoprotein compl...",17,0,0.13,379,"1.00000","1.00000","1.00000","",""
"GO:0016011","dystroglycan complex",10,0,0.08,380,"1.00000","1.00000","1.00000","",""
"GO:0016012","sarcoglycan complex",8,0,0.06,381,"1.00000","1.00000","1.00000","",""
"GO:0016013","syntrophin complex",5,0,0.04,382,"1.00000","1.00000","1.00000","",""
"GO:0016027","inaD signaling complex",13,0,0.1,383,"1.00000","1.00000","1.00000","",""
"GO:0016028","rhabdomere",51,0,0.4,384,"1.00000","1.00000","1.00000","",""
"GO:0016029","subrhabdomeral cisterna",4,0,0.03,385,"1.00000","1.00000","1.00000","",""
"GO:0016272","prefoldin complex",3,0,0.02,386,"1.00000","1.00000","1.00000","",""
"GO:0016281","eukaryotic translation initiation factor...",6,0,0.05,387,"1.00000","1.00000","1.00000","",""
"GO:0016282","eukaryotic 43S preinitiation complex",8,0,0.06,388,"1.00000","1.00000","1.00000","",""
"GO:0016323","basolateral plasma membrane",81,0,0.64,389,"1.00000","1.00000","1.00000","",""
"GO:0016327","apicolateral plasma membrane",45,0,0.36,390,"1.00000","1.00000","1.00000","",""
"GO:0016328","lateral plasma membrane",24,0,0.19,391,"1.00000","1.00000","1.00000","",""
"GO:0016342","catenin complex",5,0,0.04,392,"1.00000","1.00000","1.00000","",""
"GO:0016363","nuclear matrix",5,0,0.04,393,"1.00000","1.00000","1.00000","",""
"GO:0016442","RISC complex",10,0,0.08,394,"1.00000","1.00000","1.00000","",""
"GO:0016456","X chromosome located dosage compensation...",12,0,0.09,395,"1.00000","1.00000","1.00000","",""
"GO:0016459","myosin complex",36,0,0.28,396,"1.00000","1.00000","1.00000","",""
"GO:0016460","myosin II complex",13,0,0.1,397,"1.00000","1.00000","1.00000","",""
"GO:0016461","unconventional myosin complex",12,0,0.09,398,"1.00000","1.00000","1.00000","",""
"GO:0016507","mitochondrial fatty acid beta-oxidation ...",3,0,0.02,399,"1.00000","1.00000","1.00000","",""
"GO:0016528","sarcoplasm",9,0,0.07,400,"1.00000","1.00000","1.00000","",""
"GO:0016529","sarcoplasmic reticulum",4,0,0.03,401,"1.00000","1.00000","1.00000","",""
"GO:0016533","protein kinase 5 complex",3,0,0.02,402,"1.00000","1.00000","1.00000","",""
"GO:0016580","Sin3 complex",8,0,0.06,403,"1.00000","1.00000","1.00000","",""
"GO:0016581","NuRD complex",11,0,0.09,404,"1.00000","1.00000","1.00000","",""
"GO:0016586","RSC-type complex",16,0,0.13,405,"1.00000","1.00000","1.00000","",""
"GO:0016589","NURF complex",6,0,0.05,406,"1.00000","1.00000","1.00000","",""
"GO:0016590","ACF complex",3,0,0.02,407,"1.00000","1.00000","1.00000","",""
"GO:0016591","RNA polymerase II, holoenzyme",121,0,0.96,408,"1.00000","1.00000","1.00000","",""
"GO:0016592","mediator complex",42,0,0.33,409,"1.00000","1.00000","1.00000","",""
"GO:0016593","Cdc73/Paf1 complex",10,0,0.08,410,"1.00000","1.00000","1.00000","",""
"GO:0016604","nuclear body",71,0,0.56,411,"1.00000","1.00000","1.00000","",""
"GO:0016607","nuclear speck",29,0,0.23,412,"1.00000","1.00000","1.00000","",""
"GO:0017053","transcription repressor complex",39,0,0.31,413,"1.00000","1.00000","1.00000","",""
"GO:0017071","intracellular cyclic nucleotide activate...",10,0,0.08,414,"1.00000","1.00000","1.00000","",""
"GO:0017101","aminoacyl-tRNA synthetase multienzyme co...",16,0,0.13,415,"1.00000","1.00000","1.00000","",""
"GO:0017119","Golgi transport complex",16,0,0.13,416,"1.00000","1.00000","1.00000","",""
"GO:0017133","mitochondrial electron transfer flavopro...",4,0,0.03,417,"1.00000","1.00000","1.00000","",""
"GO:0019005","SCF ubiquitin ligase complex",70,0,0.55,418,"1.00000","1.00000","1.00000","",""
"GO:0019008","molybdopterin synthase complex",5,0,0.04,419,"1.00000","1.00000","1.00000","",""
"GO:0019183","histamine-gated chloride channel complex",3,0,0.02,420,"1.00000","1.00000","1.00000","",""
"GO:0019185","snRNA-activating protein complex",3,0,0.02,421,"1.00000","1.00000","1.00000","",""
"GO:0019773","proteasome core complex, alpha-subunit c...",5,0,0.04,422,"1.00000","1.00000","1.00000","",""
"GO:0019774","proteasome core complex, beta-subunit co...",9,0,0.07,423,"1.00000","1.00000","1.00000","",""
"GO:0019866","organelle inner membrane",229,0,1.81,424,"1.00000","1.00000","1.00000","",""
"GO:0019867","outer membrane",43,0,0.34,425,"1.00000","1.00000","1.00000","",""
"GO:0019897","extrinsic component of plasma membrane",58,0,0.46,426,"1.00000","1.00000","1.00000","",""
"GO:0019908","nuclear cyclin-dependent protein kinase ...",5,0,0.04,427,"1.00000","1.00000","1.00000","",""
"GO:0022624","proteasome accessory complex",28,0,0.22,428,"1.00000","1.00000","1.00000","",""
"GO:0022625","cytosolic large ribosomal subunit",80,0,0.63,429,"1.00000","1.00000","1.00000","",""
"GO:0022626","cytosolic ribosome",134,0,1.06,430,"1.00000","1.00000","1.00000","",""
"GO:0022627","cytosolic small ribosomal subunit",52,0,0.41,431,"1.00000","1.00000","1.00000","",""
"GO:0030008","TRAPP complex",23,0,0.18,432,"1.00000","1.00000","1.00000","",""
"GO:0030014","CCR4-NOT complex",16,0,0.13,433,"1.00000","1.00000","1.00000","",""
"GO:0030015","CCR4-NOT core complex",7,0,0.06,434,"1.00000","1.00000","1.00000","",""
"GO:0030016","myofibril",94,0,0.74,435,"1.00000","1.00000","1.00000","",""
"GO:0030017","sarcomere",86,0,0.68,436,"1.00000","1.00000","1.00000","",""
"GO:0030018","Z disc",67,0,0.53,437,"1.00000","1.00000","1.00000","",""
"GO:0030027","lamellipodium",10,0,0.08,438,"1.00000","1.00000","1.00000","",""
"GO:0030055","cell-substrate junction",66,0,0.52,439,"1.00000","1.00000","1.00000","",""
"GO:0030062","mitochondrial tricarboxylic acid cycle e...",8,0,0.06,440,"1.00000","1.00000","1.00000","",""
"GO:0030117","membrane coat",40,0,0.32,441,"1.00000","1.00000","1.00000","",""
"GO:0030118","clathrin coat",15,0,0.12,442,"1.00000","1.00000","1.00000","",""
"GO:0030119","AP-type membrane coat adaptor complex",17,0,0.13,443,"1.00000","1.00000","1.00000","",""
"GO:0030120","vesicle coat",34,0,0.27,444,"1.00000","1.00000","1.00000","",""
"GO:0030121","AP-1 adaptor complex",5,0,0.04,445,"1.00000","1.00000","1.00000","",""
"GO:0030122","AP-2 adaptor complex",8,0,0.06,446,"1.00000","1.00000","1.00000","",""
"GO:0030123","AP-3 adaptor complex",5,0,0.04,447,"1.00000","1.00000","1.00000","",""
"GO:0030125","clathrin vesicle coat",14,0,0.11,448,"1.00000","1.00000","1.00000","",""
"GO:0030126","COPI vesicle coat",11,0,0.09,449,"1.00000","1.00000","1.00000","",""
"GO:0030127","COPII vesicle coat",9,0,0.07,450,"1.00000","1.00000","1.00000","",""
"GO:0030128","clathrin coat of endocytic vesicle",8,0,0.06,451,"1.00000","1.00000","1.00000","",""
"GO:0030130","clathrin coat of trans-Golgi network ves...",5,0,0.04,452,"1.00000","1.00000","1.00000","",""
"GO:0030131","clathrin adaptor complex",12,0,0.09,453,"1.00000","1.00000","1.00000","",""
"GO:0030132","clathrin coat of coated pit",10,0,0.08,454,"1.00000","1.00000","1.00000","",""
"GO:0030133","transport vesicle",109,0,0.86,455,"1.00000","1.00000","1.00000","",""
"GO:0030134","COPII-coated ER to Golgi transport vesic...",20,0,0.16,456,"1.00000","1.00000","1.00000","",""
"GO:0030135","coated vesicle",62,0,0.49,457,"1.00000","1.00000","1.00000","",""
"GO:0030136","clathrin-coated vesicle",29,0,0.23,458,"1.00000","1.00000","1.00000","",""
"GO:0030137","COPI-coated vesicle",11,0,0.09,459,"1.00000","1.00000","1.00000","",""
"GO:0030140","trans-Golgi network transport vesicle",9,0,0.07,460,"1.00000","1.00000","1.00000","",""
"GO:0030173","integral component of Golgi membrane",16,0,0.13,461,"1.00000","1.00000","1.00000","",""
"GO:0030175","filopodium",11,0,0.09,462,"1.00000","1.00000","1.00000","",""
"GO:0030176","integral component of endoplasmic reticu...",55,0,0.43,463,"1.00000","1.00000","1.00000","",""
"GO:0030285","integral component of synaptic vesicle m...",11,0,0.09,464,"1.00000","1.00000","1.00000","",""
"GO:0030286","dynein complex",67,0,0.53,465,"1.00000","1.00000","1.00000","",""
"GO:0030289","protein phosphatase 4 complex",5,0,0.04,466,"1.00000","1.00000","1.00000","",""
"GO:0030312","external encapsulating structure",9,0,0.07,467,"1.00000","1.00000","1.00000","",""
"GO:0030425","dendrite",131,0,1.03,468,"1.00000","1.00000","1.00000","",""
"GO:0030426","growth cone",39,0,0.31,469,"1.00000","1.00000","1.00000","",""
"GO:0030427","site of polarized growth",40,0,0.32,470,"1.00000","1.00000","1.00000","",""
"GO:0030496","midbody",28,0,0.22,471,"1.00000","1.00000","1.00000","",""
"GO:0030532","small nuclear ribonucleoprotein complex",86,0,0.68,472,"1.00000","1.00000","1.00000","",""
"GO:0030658","transport vesicle membrane",35,0,0.28,473,"1.00000","1.00000","1.00000","",""
"GO:0030660","Golgi-associated vesicle membrane",32,0,0.25,474,"1.00000","1.00000","1.00000","",""
"GO:0030662","coated vesicle membrane",39,0,0.31,475,"1.00000","1.00000","1.00000","",""
"GO:0030663","COPI-coated vesicle membrane",11,0,0.09,476,"1.00000","1.00000","1.00000","",""
"GO:0030665","clathrin-coated vesicle membrane",14,0,0.11,477,"1.00000","1.00000","1.00000","",""
"GO:0030666","endocytic vesicle membrane",8,0,0.06,478,"1.00000","1.00000","1.00000","",""
"GO:0030669","clathrin-coated endocytic vesicle membra...",8,0,0.06,479,"1.00000","1.00000","1.00000","",""
"GO:0030672","synaptic vesicle membrane",14,0,0.11,480,"1.00000","1.00000","1.00000","",""
"GO:0030677","ribonuclease P complex",15,0,0.12,481,"1.00000","1.00000","1.00000","",""
"GO:0030678","mitochondrial ribonuclease P complex",7,0,0.06,482,"1.00000","1.00000","1.00000","",""
"GO:0030681","multimeric ribonuclease P complex",10,0,0.08,483,"1.00000","1.00000","1.00000","",""
"GO:0030684","preribosome",99,0,0.78,484,"1.00000","1.00000","1.00000","",""
"GO:0030686","90S preribosome",45,0,0.36,485,"1.00000","1.00000","1.00000","",""
"GO:0030687","preribosome, large subunit precursor",26,0,0.21,486,"1.00000","1.00000","1.00000","",""
"GO:0030688","preribosome, small subunit precursor",9,0,0.07,487,"1.00000","1.00000","1.00000","",""
"GO:0030689","Noc complex",4,0,0.03,488,"1.00000","1.00000","1.00000","",""
"GO:0030863","cortical cytoskeleton",43,0,0.34,489,"1.00000","1.00000","1.00000","",""
"GO:0030864","cortical actin cytoskeleton",20,0,0.16,490,"1.00000","1.00000","1.00000","",""
"GO:0030867","rough endoplasmic reticulum membrane",6,0,0.05,491,"1.00000","1.00000","1.00000","",""
"GO:0030870","Mre11 complex",4,0,0.03,492,"1.00000","1.00000","1.00000","",""
"GO:0030877","beta-catenin destruction complex",3,0,0.02,493,"1.00000","1.00000","1.00000","",""
"GO:0030880","RNA polymerase complex",160,0,1.26,494,"1.00000","1.00000","1.00000","",""
"GO:0030891","VCB complex",4,0,0.03,495,"1.00000","1.00000","1.00000","",""
"GO:0030894","replisome",14,0,0.11,496,"1.00000","1.00000","1.00000","",""
"GO:0030896","checkpoint clamp complex",4,0,0.03,497,"1.00000","1.00000","1.00000","",""
"GO:0030897","HOPS complex",13,0,0.1,498,"1.00000","1.00000","1.00000","",""
"GO:0030904","retromer complex",11,0,0.09,499,"1.00000","1.00000","1.00000","",""
"GO:0030905","retromer, tubulation complex",3,0,0.02,500,"1.00000","1.00000","1.00000","",""
"GO:0030906","retromer, cargo-selective complex",7,0,0.06,501,"1.00000","1.00000","1.00000","",""
"GO:0030915","Smc5-Smc6 complex",11,0,0.09,502,"1.00000","1.00000","1.00000","",""
"GO:0030956","glutamyl-tRNA(Gln) amidotransferase comp...",3,0,0.02,503,"1.00000","1.00000","1.00000","",""
"GO:0030964","NADH dehydrogenase complex",44,0,0.35,504,"1.00000","1.00000","1.00000","",""
"GO:0030990","intraciliary transport particle",24,0,0.19,505,"1.00000","1.00000","1.00000","",""
"GO:0030991","intraciliary transport particle A",9,0,0.07,506,"1.00000","1.00000","1.00000","",""
"GO:0030992","intraciliary transport particle B",15,0,0.12,507,"1.00000","1.00000","1.00000","",""
"GO:0031010","ISWI-type complex",20,0,0.16,508,"1.00000","1.00000","1.00000","",""
"GO:0031011","Ino80 complex",10,0,0.08,509,"1.00000","1.00000","1.00000","",""
"GO:0031080","nuclear pore outer ring",10,0,0.08,510,"1.00000","1.00000","1.00000","",""
"GO:0031082","BLOC complex",16,0,0.13,511,"1.00000","1.00000","1.00000","",""
"GO:0031083","BLOC-1 complex",8,0,0.06,512,"1.00000","1.00000","1.00000","",""
"GO:0031084","BLOC-2 complex",3,0,0.02,513,"1.00000","1.00000","1.00000","",""
"GO:0031085","BLOC-3 complex",5,0,0.04,514,"1.00000","1.00000","1.00000","",""
"GO:0031105","septin complex",6,0,0.05,515,"1.00000","1.00000","1.00000","",""
"GO:0031201","SNARE complex",21,0,0.17,516,"1.00000","1.00000","1.00000","",""
"GO:0031209","SCAR complex",8,0,0.06,517,"1.00000","1.00000","1.00000","",""
"GO:0031225","anchored component of membrane",12,0,0.09,518,"1.00000","1.00000","1.00000","",""
"GO:0031227","intrinsic component of endoplasmic retic...",60,0,0.47,519,"1.00000","1.00000","1.00000","",""
"GO:0031228","intrinsic component of Golgi membrane",18,0,0.14,520,"1.00000","1.00000","1.00000","",""
"GO:0031231","intrinsic component of peroxisomal membr...",5,0,0.04,521,"1.00000","1.00000","1.00000","",""
"GO:0031233","intrinsic component of external side of ...",5,0,0.04,522,"1.00000","1.00000","1.00000","",""
"GO:0031234","extrinsic component of cytoplasmic side ...",38,0,0.3,523,"1.00000","1.00000","1.00000","",""
"GO:0031235","intrinsic component of the cytoplasmic s...",9,0,0.07,524,"1.00000","1.00000","1.00000","",""
"GO:0031248","protein acetyltransferase complex",96,0,0.76,525,"1.00000","1.00000","1.00000","",""
"GO:0031252","cell leading edge",62,0,0.49,526,"1.00000","1.00000","1.00000","",""
"GO:0031253","cell projection membrane",41,0,0.32,527,"1.00000","1.00000","1.00000","",""
"GO:0031254","cell trailing edge",5,0,0.04,528,"1.00000","1.00000","1.00000","",""
"GO:0031256","leading edge membrane",28,0,0.22,529,"1.00000","1.00000","1.00000","",""
"GO:0031261","DNA replication preinitiation complex",10,0,0.08,530,"1.00000","1.00000","1.00000","",""
"GO:0031298","replication fork protection complex",12,0,0.09,531,"1.00000","1.00000","1.00000","",""
"GO:0031300","intrinsic component of organelle membran...",124,0,0.98,532,"1.00000","1.00000","1.00000","",""
"GO:0031301","integral component of organelle membrane",119,0,0.94,533,"1.00000","1.00000","1.00000","",""
"GO:0031304","intrinsic component of mitochondrial inn...",16,0,0.13,534,"1.00000","1.00000","1.00000","",""
"GO:0031305","integral component of mitochondrial inne...",16,0,0.13,535,"1.00000","1.00000","1.00000","",""
"GO:0031306","intrinsic component of mitochondrial out...",11,0,0.09,536,"1.00000","1.00000","1.00000","",""
"GO:0031307","integral component of mitochondrial oute...",9,0,0.07,537,"1.00000","1.00000","1.00000","",""
"GO:0031312","extrinsic component of organelle membran...",6,0,0.05,538,"1.00000","1.00000","1.00000","",""
"GO:0031332","RNAi effector complex",10,0,0.08,539,"1.00000","1.00000","1.00000","",""
"GO:0031362","anchored component of external side of p...",3,0,0.02,540,"1.00000","1.00000","1.00000","",""
"GO:0031390","Ctf18 RFC-like complex",4,0,0.03,541,"1.00000","1.00000","1.00000","",""
"GO:0031391","Elg1 RFC-like complex",6,0,0.05,542,"1.00000","1.00000","1.00000","",""
"GO:0031395","bursicon neuropeptide hormone complex",4,0,0.03,543,"1.00000","1.00000","1.00000","",""
"GO:0031414","N-terminal protein acetyltransferase com...",11,0,0.09,544,"1.00000","1.00000","1.00000","",""
"GO:0031415","NatA complex",4,0,0.03,545,"1.00000","1.00000","1.00000","",""
"GO:0031416","NatB complex",3,0,0.02,546,"1.00000","1.00000","1.00000","",""
"GO:0031417","NatC complex",4,0,0.03,547,"1.00000","1.00000","1.00000","",""
"GO:0031428","box C/D snoRNP complex",11,0,0.09,548,"1.00000","1.00000","1.00000","",""
"GO:0031429","box H/ACA snoRNP complex",7,0,0.06,549,"1.00000","1.00000","1.00000","",""
"GO:0031430","M band",22,0,0.17,550,"1.00000","1.00000","1.00000","",""
"GO:0031461","cullin-RING ubiquitin ligase complex",121,0,0.96,551,"1.00000","1.00000","1.00000","",""
"GO:0031462","Cul2-RING ubiquitin ligase complex",7,0,0.06,552,"1.00000","1.00000","1.00000","",""
"GO:0031463","Cul3-RING ubiquitin ligase complex",20,0,0.16,553,"1.00000","1.00000","1.00000","",""
"GO:0031466","Cul5-RING ubiquitin ligase complex",7,0,0.06,554,"1.00000","1.00000","1.00000","",""
"GO:0031467","Cul7-RING ubiquitin ligase complex",3,0,0.02,555,"1.00000","1.00000","1.00000","",""
"GO:0031475","myosin V complex",4,0,0.03,556,"1.00000","1.00000","1.00000","",""
"GO:0031476","myosin VI complex",4,0,0.03,557,"1.00000","1.00000","1.00000","",""
"GO:0031501","mannosyltransferase complex",3,0,0.02,558,"1.00000","1.00000","1.00000","",""
"GO:0031514","motile cilium",19,0,0.15,559,"1.00000","1.00000","1.00000","",""
"GO:0031519","PcG protein complex",33,0,0.26,560,"1.00000","1.00000","1.00000","",""
"GO:0031523","Myb complex",17,0,0.13,561,"1.00000","1.00000","1.00000","",""
"GO:0031526","brush border membrane",3,0,0.02,562,"1.00000","1.00000","1.00000","",""
"GO:0031528","microvillus membrane",4,0,0.03,563,"1.00000","1.00000","1.00000","",""
"GO:0031595","nuclear proteasome complex",10,0,0.08,564,"1.00000","1.00000","1.00000","",""
"GO:0031597","cytosolic proteasome complex",11,0,0.09,565,"1.00000","1.00000","1.00000","",""
"GO:0031616","spindle pole centrosome",9,0,0.07,566,"1.00000","1.00000","1.00000","",""
"GO:0031618","nuclear pericentric heterochromatin",3,0,0.02,567,"1.00000","1.00000","1.00000","",""
"GO:0031672","A band",38,0,0.3,568,"1.00000","1.00000","1.00000","",""
"GO:0031673","H zone",9,0,0.07,569,"1.00000","1.00000","1.00000","",""
"GO:0031674","I band",67,0,0.53,570,"1.00000","1.00000","1.00000","",""
"GO:0031902","late endosome membrane",24,0,0.19,571,"1.00000","1.00000","1.00000","",""
"GO:0031903","microbody membrane",25,0,0.2,572,"1.00000","1.00000","1.00000","",""
"GO:0031931","TORC1 complex",5,0,0.04,573,"1.00000","1.00000","1.00000","",""
"GO:0031932","TORC2 complex",6,0,0.05,574,"1.00000","1.00000","1.00000","",""
"GO:0031965","nuclear membrane",32,0,0.25,575,"1.00000","1.00000","1.00000","",""
"GO:0031966","mitochondrial membrane",277,0,2.19,576,"1.00000","1.00000","1.00000","",""
"GO:0031967","organelle envelope",423,0,3.34,577,"1.00000","1.00000","1.00000","",""
"GO:0031968","organelle outer membrane",43,0,0.34,578,"1.00000","1.00000","1.00000","",""
"GO:0031970","organelle envelope lumen",25,0,0.2,579,"1.00000","1.00000","1.00000","",""
"GO:0031974","membrane-enclosed lumen",1237,0,9.77,580,"1.00000","1.00000","1.00000","",""
"GO:0031975","envelope",423,0,3.34,581,"1.00000","1.00000","1.00000","",""
"GO:0031981","nuclear lumen",1008,0,7.96,582,"1.00000","1.00000","1.00000","",""
"GO:0031984","organelle subcompartment",335,0,2.65,583,"1.00000","1.00000","1.00000","",""
"GO:0031985","Golgi cisterna",44,0,0.35,584,"1.00000","1.00000","1.00000","",""
"GO:0032021","NELF complex",6,0,0.05,585,"1.00000","1.00000","1.00000","",""
"GO:0032039","integrator complex",27,0,0.21,586,"1.00000","1.00000","1.00000","",""
"GO:0032040","small-subunit processome",52,0,0.41,587,"1.00000","1.00000","1.00000","",""
"GO:0032044","DSIF complex",5,0,0.04,588,"1.00000","1.00000","1.00000","",""
"GO:0032045","guanyl-nucleotide exchange factor comple...",3,0,0.02,589,"1.00000","1.00000","1.00000","",""
"GO:0032116","SMC loading complex",3,0,0.02,590,"1.00000","1.00000","1.00000","",""
"GO:0032133","chromosome passenger complex",7,0,0.06,591,"1.00000","1.00000","1.00000","",""
"GO:0032153","cell division site",52,0,0.41,592,"1.00000","1.00000","1.00000","",""
"GO:0032154","cleavage furrow",44,0,0.35,593,"1.00000","1.00000","1.00000","",""
"GO:0032156","septin cytoskeleton",8,0,0.06,594,"1.00000","1.00000","1.00000","",""
"GO:0032279","asymmetric synapse",8,0,0.06,595,"1.00000","1.00000","1.00000","",""
"GO:0032300","mismatch repair complex",6,0,0.05,596,"1.00000","1.00000","1.00000","",""
"GO:0032301","MutSalpha complex",3,0,0.02,597,"1.00000","1.00000","1.00000","",""
"GO:0032389","MutLalpha complex",3,0,0.02,598,"1.00000","1.00000","1.00000","",""
"GO:0032432","actin filament bundle",5,0,0.04,599,"1.00000","1.00000","1.00000","",""
"GO:0032433","filopodium tip",3,0,0.02,600,"1.00000","1.00000","1.00000","",""
"GO:0032545","CURI complex",4,0,0.03,601,"1.00000","1.00000","1.00000","",""
"GO:0032589","neuron projection membrane",26,0,0.21,602,"1.00000","1.00000","1.00000","",""
"GO:0032590","dendrite membrane",13,0,0.1,603,"1.00000","1.00000","1.00000","",""
"GO:0032592","integral component of mitochondrial memb...",29,0,0.23,604,"1.00000","1.00000","1.00000","",""
"GO:0032783","super elongation complex",12,0,0.09,605,"1.00000","1.00000","1.00000","",""
"GO:0032797","SMN complex",6,0,0.05,606,"1.00000","1.00000","1.00000","",""
"GO:0032806","carboxy-terminal domain protein kinase c...",20,0,0.16,607,"1.00000","1.00000","1.00000","",""
"GO:0032838","plasma membrane bounded cell projection ...",89,0,0.7,608,"1.00000","1.00000","1.00000","",""
"GO:0032982","myosin filament",7,0,0.06,609,"1.00000","1.00000","1.00000","",""
"GO:0032992","protein-carbohydrate complex",3,0,0.02,610,"1.00000","1.00000","1.00000","",""
"GO:0032993","protein-DNA complex",31,0,0.24,611,"1.00000","1.00000","1.00000","",""
"GO:0033061","DNA recombinase mediator complex",3,0,0.02,612,"1.00000","1.00000","1.00000","",""
"GO:0033063","Rad51B-Rad51C-Rad51D-XRCC2 complex",3,0,0.02,613,"1.00000","1.00000","1.00000","",""
"GO:0033177","proton-transporting two-sector ATPase co...",13,0,0.1,614,"1.00000","1.00000","1.00000","",""
"GO:0033178","proton-transporting two-sector ATPase co...",17,0,0.13,615,"1.00000","1.00000","1.00000","",""
"GO:0033179","proton-transporting V-type ATPase, V0 do...",5,0,0.04,616,"1.00000","1.00000","1.00000","",""
"GO:0033180","proton-transporting V-type ATPase, V1 do...",9,0,0.07,617,"1.00000","1.00000","1.00000","",""
"GO:0033186","CAF-1 complex",5,0,0.04,618,"1.00000","1.00000","1.00000","",""
"GO:0033202","DNA helicase complex",10,0,0.08,619,"1.00000","1.00000","1.00000","",""
"GO:0033263","CORVET complex",14,0,0.11,620,"1.00000","1.00000","1.00000","",""
"GO:0033557","Slx1-Slx4 complex",4,0,0.03,621,"1.00000","1.00000","1.00000","",""
"GO:0033565","ESCRT-0 complex",3,0,0.02,622,"1.00000","1.00000","1.00000","",""
"GO:0033583","rhabdomere membrane",4,0,0.03,623,"1.00000","1.00000","1.00000","",""
"GO:0033596","TSC1-TSC2 complex",6,0,0.05,624,"1.00000","1.00000","1.00000","",""
"GO:0034045","phagophore assembly site membrane",10,0,0.08,625,"1.00000","1.00000","1.00000","",""
"GO:0034066","RIC1-RGP1 guanyl-nucleotide exchange fac...",3,0,0.02,626,"1.00000","1.00000","1.00000","",""
"GO:0034271","phosphatidylinositol 3-kinase complex, c...",7,0,0.06,627,"1.00000","1.00000","1.00000","",""
"GO:0034272","phosphatidylinositol 3-kinase complex, c...",5,0,0.04,628,"1.00000","1.00000","1.00000","",""
"GO:0034274","Atg12-Atg5-Atg16 complex",7,0,0.06,629,"1.00000","1.00000","1.00000","",""
"GO:0034388","Pwp2p-containing subcomplex of 90S preri...",10,0,0.08,630,"1.00000","1.00000","1.00000","",""
"GO:0034399","nuclear periphery",41,0,0.32,631,"1.00000","1.00000","1.00000","",""
"GO:0034448","EGO complex",4,0,0.03,632,"1.00000","1.00000","1.00000","",""
"GO:0034455","t-UTP complex",3,0,0.02,633,"1.00000","1.00000","1.00000","",""
"GO:0034456","UTP-C complex",4,0,0.03,634,"1.00000","1.00000","1.00000","",""
"GO:0034457","Mpp10 complex",4,0,0.03,635,"1.00000","1.00000","1.00000","",""
"GO:0034464","BBSome",12,0,0.09,636,"1.00000","1.00000","1.00000","",""
"GO:0034515","proteasome storage granule",3,0,0.02,637,"1.00000","1.00000","1.00000","",""
"GO:0034518","RNA cap binding complex",7,0,0.06,638,"1.00000","1.00000","1.00000","",""
"GO:0034657","GID complex",3,0,0.02,639,"1.00000","1.00000","1.00000","",""
"GO:0034693","U11/U12 snRNP",3,0,0.02,640,"1.00000","1.00000","1.00000","",""
"GO:0034702","ion channel complex",85,0,0.67,641,"1.00000","1.00000","1.00000","",""
"GO:0034703","cation channel complex",64,0,0.51,642,"1.00000","1.00000","1.00000","",""
"GO:0034704","calcium channel complex",16,0,0.13,643,"1.00000","1.00000","1.00000","",""
"GO:0034705","potassium channel complex",18,0,0.14,644,"1.00000","1.00000","1.00000","",""
"GO:0034707","chloride channel complex",3,0,0.02,645,"1.00000","1.00000","1.00000","",""
"GO:0034708","methyltransferase complex",58,0,0.46,646,"1.00000","1.00000","1.00000","",""
"GO:0034715","pICln-Sm protein complex",3,0,0.02,647,"1.00000","1.00000","1.00000","",""
"GO:0034719","SMN-Sm protein complex",10,0,0.08,648,"1.00000","1.00000","1.00000","",""
"GO:0034751","aryl hydrocarbon receptor complex",4,0,0.03,649,"1.00000","1.00000","1.00000","",""
"GO:0034753","nuclear aryl hydrocarbon receptor comple...",4,0,0.03,650,"1.00000","1.00000","1.00000","",""
"GO:0035003","subapical complex",27,0,0.21,651,"1.00000","1.00000","1.00000","",""
"GO:0035032","phosphatidylinositol 3-kinase complex, c...",7,0,0.06,652,"1.00000","1.00000","1.00000","",""
"GO:0035060","brahma complex",16,0,0.13,653,"1.00000","1.00000","1.00000","",""
"GO:0035062","omega speckle",9,0,0.07,654,"1.00000","1.00000","1.00000","",""
"GO:0035097","histone methyltransferase complex",46,0,0.36,655,"1.00000","1.00000","1.00000","",""
"GO:0035098","ESC/E(Z) complex",16,0,0.13,656,"1.00000","1.00000","1.00000","",""
"GO:0035101","FACT complex",3,0,0.02,657,"1.00000","1.00000","1.00000","",""
"GO:0035102","PRC1 complex",8,0,0.06,658,"1.00000","1.00000","1.00000","",""
"GO:0035145","exon-exon junction complex",12,0,0.09,659,"1.00000","1.00000","1.00000","",""
"GO:0035182","female germline ring canal outer rim",3,0,0.02,660,"1.00000","1.00000","1.00000","",""
"GO:0035183","female germline ring canal inner rim",10,0,0.08,661,"1.00000","1.00000","1.00000","",""
"GO:0035189","Rb-E2F complex",3,0,0.02,662,"1.00000","1.00000","1.00000","",""
"GO:0035253","ciliary rootlet",4,0,0.03,663,"1.00000","1.00000","1.00000","",""
"GO:0035267","NuA4 histone acetyltransferase complex",25,0,0.2,664,"1.00000","1.00000","1.00000","",""
"GO:0035301","Hedgehog signaling complex",5,0,0.04,665,"1.00000","1.00000","1.00000","",""
"GO:0035323","male germline ring canal",10,0,0.08,666,"1.00000","1.00000","1.00000","",""
"GO:0035324","female germline ring canal",23,0,0.18,667,"1.00000","1.00000","1.00000","",""
"GO:0035327","transcriptionally active chromatin",40,0,0.32,668,"1.00000","1.00000","1.00000","",""
"GO:0035363","histone locus body",16,0,0.13,669,"1.00000","1.00000","1.00000","",""
"GO:0035371","microtubule plus-end",12,0,0.09,670,"1.00000","1.00000","1.00000","",""
"GO:0035658","Mon1-Ccz1 complex",3,0,0.02,671,"1.00000","1.00000","1.00000","",""
"GO:0035770","ribonucleoprotein granule",92,0,0.73,672,"1.00000","1.00000","1.00000","",""
"GO:0035805","egg coat",3,0,0.02,673,"1.00000","1.00000","1.00000","",""
"GO:0035859","Seh1-associated complex",11,0,0.09,674,"1.00000","1.00000","1.00000","",""
"GO:0035861","site of double-strand break",6,0,0.05,675,"1.00000","1.00000","1.00000","",""
"GO:0035869","ciliary transition zone",9,0,0.07,676,"1.00000","1.00000","1.00000","",""
"GO:0035996","rhabdomere microvillus",4,0,0.03,677,"1.00000","1.00000","1.00000","",""
"GO:0036038","MKS complex",7,0,0.06,678,"1.00000","1.00000","1.00000","",""
"GO:0036056","filtration diaphragm",8,0,0.06,679,"1.00000","1.00000","1.00000","",""
"GO:0036063","acroblast",10,0,0.08,680,"1.00000","1.00000","1.00000","",""
"GO:0036064","ciliary basal body",22,0,0.17,681,"1.00000","1.00000","1.00000","",""
"GO:0036125","fatty acid beta-oxidation multienzyme co...",3,0,0.02,682,"1.00000","1.00000","1.00000","",""
"GO:0036126","sperm flagellum",11,0,0.09,683,"1.00000","1.00000","1.00000","",""
"GO:0036156","inner dynein arm",21,0,0.17,684,"1.00000","1.00000","1.00000","",""
"GO:0036157","outer dynein arm",31,0,0.24,685,"1.00000","1.00000","1.00000","",""
"GO:0036375","Kibra-Ex-Mer complex",6,0,0.05,686,"1.00000","1.00000","1.00000","",""
"GO:0036379","myofilament",14,0,0.11,687,"1.00000","1.00000","1.00000","",""
"GO:0036387","pre-replicative complex",4,0,0.03,688,"1.00000","1.00000","1.00000","",""
"GO:0036396","RNA N6-methyladenosine methyltransferase...",7,0,0.06,689,"1.00000","1.00000","1.00000","",""
"GO:0036452","ESCRT complex",28,0,0.22,690,"1.00000","1.00000","1.00000","",""
"GO:0036464","cytoplasmic ribonucleoprotein granule",90,0,0.71,691,"1.00000","1.00000","1.00000","",""
"GO:0036477","somatodendritic compartment",222,0,1.75,692,"1.00000","1.00000","1.00000","",""
"GO:0038037","G protein-coupled receptor dimeric compl...",4,0,0.03,693,"1.00000","1.00000","1.00000","",""
"GO:0038201","TOR complex",8,0,0.06,694,"1.00000","1.00000","1.00000","",""
"GO:0042175","nuclear outer membrane-endoplasmic retic...",179,0,1.41,695,"1.00000","1.00000","1.00000","",""
"GO:0042383","sarcolemma",9,0,0.07,696,"1.00000","1.00000","1.00000","",""
"GO:0042470","melanosome",4,0,0.03,697,"1.00000","1.00000","1.00000","",""
"GO:0042575","DNA polymerase complex",20,0,0.16,698,"1.00000","1.00000","1.00000","",""
"GO:0042585","germinal vesicle",9,0,0.07,699,"1.00000","1.00000","1.00000","",""
"GO:0042600","egg chorion",6,0,0.05,700,"1.00000","1.00000","1.00000","",""
"GO:0042641","actomyosin",6,0,0.05,701,"1.00000","1.00000","1.00000","",""
"GO:0042645","mitochondrial nucleoid",4,0,0.03,702,"1.00000","1.00000","1.00000","",""
"GO:0042709","succinate-CoA ligase complex",6,0,0.05,703,"1.00000","1.00000","1.00000","",""
"GO:0042719","mitochondrial intermembrane space protei...",6,0,0.05,704,"1.00000","1.00000","1.00000","",""
"GO:0042765","GPI-anchor transamidase complex",4,0,0.03,705,"1.00000","1.00000","1.00000","",""
"GO:0042788","polysomal ribosome",7,0,0.06,706,"1.00000","1.00000","1.00000","",""
"GO:0043025","neuronal cell body",138,0,1.09,707,"1.00000","1.00000","1.00000","",""
"GO:0043034","costamere",7,0,0.06,708,"1.00000","1.00000","1.00000","",""
"GO:0043073","germ cell nucleus",14,0,0.11,709,"1.00000","1.00000","1.00000","",""
"GO:0043083","synaptic cleft",9,0,0.07,710,"1.00000","1.00000","1.00000","",""
"GO:0043186","P granule",47,0,0.37,711,"1.00000","1.00000","1.00000","",""
"GO:0043189","H4/H2A histone acetyltransferase complex",25,0,0.2,712,"1.00000","1.00000","1.00000","",""
"GO:0043198","dendritic shaft",3,0,0.02,713,"1.00000","1.00000","1.00000","",""
"GO:0043204","perikaryon",3,0,0.02,714,"1.00000","1.00000","1.00000","",""
"GO:0043224","nuclear SCF ubiquitin ligase complex",3,0,0.02,715,"1.00000","1.00000","1.00000","",""
"GO:0043233","organelle lumen",1237,0,9.77,716,"1.00000","1.00000","1.00000","",""
"GO:0043235","receptor complex",65,0,0.51,717,"1.00000","1.00000","1.00000","",""
"GO:0043291","RAVE complex",4,0,0.03,718,"1.00000","1.00000","1.00000","",""
"GO:0043292","contractile fiber",101,0,0.8,719,"1.00000","1.00000","1.00000","",""
"GO:0043293","apoptosome",5,0,0.04,720,"1.00000","1.00000","1.00000","",""
"GO:0043527","tRNA methyltransferase complex",5,0,0.04,721,"1.00000","1.00000","1.00000","",""
"GO:0043596","nuclear replication fork",28,0,0.22,722,"1.00000","1.00000","1.00000","",""
"GO:0043601","nuclear replisome",14,0,0.11,723,"1.00000","1.00000","1.00000","",""
"GO:0043614","multi-eIF complex",12,0,0.09,724,"1.00000","1.00000","1.00000","",""
"GO:0043625","delta DNA polymerase complex",5,0,0.04,725,"1.00000","1.00000","1.00000","",""
"GO:0044214","spanning component of plasma membrane",8,0,0.06,726,"1.00000","1.00000","1.00000","",""
"GO:0044291","cell-cell contact zone",4,0,0.03,727,"1.00000","1.00000","1.00000","",""
"GO:0044295","axonal growth cone",16,0,0.13,728,"1.00000","1.00000","1.00000","",""
"GO:0044297","cell body",153,0,1.21,729,"1.00000","1.00000","1.00000","",""
"GO:0044391","ribosomal subunit",222,0,1.75,730,"1.00000","1.00000","1.00000","",""
"GO:0044545","NSL complex",10,0,0.08,731,"1.00000","1.00000","1.00000","",""
"GO:0044611","nuclear pore inner ring",7,0,0.06,732,"1.00000","1.00000","1.00000","",""
"GO:0044613","nuclear pore central transport channel",11,0,0.09,733,"1.00000","1.00000","1.00000","",""
"GO:0044614","nuclear pore cytoplasmic filaments",4,0,0.03,734,"1.00000","1.00000","1.00000","",""
"GO:0044615","nuclear pore nuclear basket",7,0,0.06,735,"1.00000","1.00000","1.00000","",""
"GO:0044665","MLL1/2 complex",13,0,0.1,736,"1.00000","1.00000","1.00000","",""
"GO:0044666","MLL3/4 complex",11,0,0.09,737,"1.00000","1.00000","1.00000","",""
"GO:0044754","autolysosome",11,0,0.09,738,"1.00000","1.00000","1.00000","",""
"GO:0044815","DNA packaging complex",13,0,0.1,739,"1.00000","1.00000","1.00000","",""
"GO:0045121","membrane raft",14,0,0.11,740,"1.00000","1.00000","1.00000","",""
"GO:0045170","spectrosome",6,0,0.05,741,"1.00000","1.00000","1.00000","",""
"GO:0045171","intercellular bridge",48,0,0.38,742,"1.00000","1.00000","1.00000","",""
"GO:0045172","germline ring canal",45,0,0.36,743,"1.00000","1.00000","1.00000","",""
"GO:0045179","apical cortex",67,0,0.53,744,"1.00000","1.00000","1.00000","",""
"GO:0045180","basal cortex",11,0,0.09,745,"1.00000","1.00000","1.00000","",""
"GO:0045239","tricarboxylic acid cycle enzyme complex",14,0,0.11,746,"1.00000","1.00000","1.00000","",""
"GO:0045240","dihydrolipoyl dehydrogenase complex",8,0,0.06,747,"1.00000","1.00000","1.00000","",""
"GO:0045251","electron transfer flavoprotein complex",4,0,0.03,748,"1.00000","1.00000","1.00000","",""
"GO:0045252","oxoglutarate dehydrogenase complex",7,0,0.06,749,"1.00000","1.00000","1.00000","",""
"GO:0045254","pyruvate dehydrogenase complex",3,0,0.02,750,"1.00000","1.00000","1.00000","",""
"GO:0045257","succinate dehydrogenase complex (ubiquin...",5,0,0.04,751,"1.00000","1.00000","1.00000","",""
"GO:0045259","proton-transporting ATP synthase complex",16,0,0.13,752,"1.00000","1.00000","1.00000","",""
"GO:0045261","proton-transporting ATP synthase complex...",8,0,0.06,753,"1.00000","1.00000","1.00000","",""
"GO:0045263","proton-transporting ATP synthase complex...",8,0,0.06,754,"1.00000","1.00000","1.00000","",""
"GO:0045271","respiratory chain complex I",44,0,0.35,755,"1.00000","1.00000","1.00000","",""
"GO:0045273","respiratory chain complex II",5,0,0.04,756,"1.00000","1.00000","1.00000","",""
"GO:0045275","respiratory chain complex III",12,0,0.09,757,"1.00000","1.00000","1.00000","",""
"GO:0045277","respiratory chain complex IV",20,0,0.16,758,"1.00000","1.00000","1.00000","",""
"GO:0045281","succinate dehydrogenase complex",5,0,0.04,759,"1.00000","1.00000","1.00000","",""
"GO:0045283","fumarate reductase complex",5,0,0.04,760,"1.00000","1.00000","1.00000","",""
"GO:0045293","mRNA editing complex",7,0,0.06,761,"1.00000","1.00000","1.00000","",""
"GO:0045334","clathrin-coated endocytic vesicle",8,0,0.06,762,"1.00000","1.00000","1.00000","",""
"GO:0045495","pole plasm",61,0,0.48,763,"1.00000","1.00000","1.00000","",""
"GO:0046536","dosage compensation complex",12,0,0.09,764,"1.00000","1.00000","1.00000","",""
"GO:0046540","U4/U6 x U5 tri-snRNP complex",26,0,0.21,765,"1.00000","1.00000","1.00000","",""
"GO:0046658","anchored component of plasma membrane",10,0,0.08,766,"1.00000","1.00000","1.00000","",""
"GO:0048179","activin receptor complex",6,0,0.05,767,"1.00000","1.00000","1.00000","",""
"GO:0048188","Set1C/COMPASS complex",11,0,0.09,768,"1.00000","1.00000","1.00000","",""
"GO:0048471","perinuclear region of cytoplasm",92,0,0.73,769,"1.00000","1.00000","1.00000","",""
"GO:0048475","coated membrane",40,0,0.32,770,"1.00000","1.00000","1.00000","",""
"GO:0048476","Holliday junction resolvase complex",3,0,0.02,771,"1.00000","1.00000","1.00000","",""
"GO:0048500","signal recognition particle",7,0,0.06,772,"1.00000","1.00000","1.00000","",""
"GO:0048770","pigment granule",9,0,0.07,773,"1.00000","1.00000","1.00000","",""
"GO:0048788","cytoskeleton of presynaptic active zone",17,0,0.13,774,"1.00000","1.00000","1.00000","",""
"GO:0051233","spindle midzone",37,0,0.29,775,"1.00000","1.00000","1.00000","",""
"GO:0051286","cell tip",3,0,0.02,776,"1.00000","1.00000","1.00000","",""
"GO:0055029","nuclear DNA-directed RNA polymerase comp...",158,0,1.25,777,"1.00000","1.00000","1.00000","",""
"GO:0055037","recycling endosome",74,0,0.58,778,"1.00000","1.00000","1.00000","",""
"GO:0055120","striated muscle dense body",7,0,0.06,779,"1.00000","1.00000","1.00000","",""
"GO:0060187","cell pole",6,0,0.05,780,"1.00000","1.00000","1.00000","",""
"GO:0060293","germ plasm",52,0,0.41,781,"1.00000","1.00000","1.00000","",""
"GO:0060388","vitelline envelope",3,0,0.02,782,"1.00000","1.00000","1.00000","",""
"GO:0061175","type II terminal bouton",4,0,0.03,783,"1.00000","1.00000","1.00000","",""
"GO:0061176","type Ib terminal bouton",17,0,0.13,784,"1.00000","1.00000","1.00000","",""
"GO:0061177","type Is terminal bouton",13,0,0.1,785,"1.00000","1.00000","1.00000","",""
"GO:0061689","tricellular tight junction",10,0,0.08,786,"1.00000","1.00000","1.00000","",""
"GO:0061695","transferase complex, transferring phosph...",228,0,1.8,787,"1.00000","1.00000","1.00000","",""
"GO:0061700","GATOR2 complex",9,0,0.07,788,"1.00000","1.00000","1.00000","",""
"GO:0061822","ciliary cap",3,0,0.02,789,"1.00000","1.00000","1.00000","",""
"GO:0070013","intracellular organelle lumen",1237,0,9.77,790,"1.00000","1.00000","1.00000","",""
"GO:0070069","cytochrome complex",34,0,0.27,791,"1.00000","1.00000","1.00000","",""
"GO:0070382","exocytic vesicle",85,0,0.67,792,"1.00000","1.00000","1.00000","",""
"GO:0070390","transcription export complex 2",4,0,0.03,793,"1.00000","1.00000","1.00000","",""
"GO:0070449","elongin complex",6,0,0.05,794,"1.00000","1.00000","1.00000","",""
"GO:0070451","cell hair",7,0,0.06,795,"1.00000","1.00000","1.00000","",""
"GO:0070461","SAGA-type complex",24,0,0.19,796,"1.00000","1.00000","1.00000","",""
"GO:0070469","respirasome",81,0,0.64,797,"1.00000","1.00000","1.00000","",""
"GO:0070545","PeBoW complex",6,0,0.05,798,"1.00000","1.00000","1.00000","",""
"GO:0070578","RISC-loading complex",6,0,0.05,799,"1.00000","1.00000","1.00000","",""
"GO:0070603","SWI/SNF superfamily-type complex",57,0,0.45,800,"1.00000","1.00000","1.00000","",""
"GO:0070725","Yb body",15,0,0.12,801,"1.00000","1.00000","1.00000","",""
"GO:0070732","spindle envelope",8,0,0.06,802,"1.00000","1.00000","1.00000","",""
"GO:0070762","nuclear pore transmembrane ring",4,0,0.03,803,"1.00000","1.00000","1.00000","",""
"GO:0070765","gamma-secretase complex",32,0,0.25,804,"1.00000","1.00000","1.00000","",""
"GO:0070775","H3 histone acetyltransferase complex",6,0,0.05,805,"1.00000","1.00000","1.00000","",""
"GO:0070776","MOZ/MORF histone acetyltransferase compl...",6,0,0.05,806,"1.00000","1.00000","1.00000","",""
"GO:0070822","Sin3-type complex",22,0,0.17,807,"1.00000","1.00000","1.00000","",""
"GO:0070847","core mediator complex",15,0,0.12,808,"1.00000","1.00000","1.00000","",""
"GO:0070864","sperm individualization complex",11,0,0.09,809,"1.00000","1.00000","1.00000","",""
"GO:0070865","investment cone",5,0,0.04,810,"1.00000","1.00000","1.00000","",""
"GO:0070938","contractile ring",14,0,0.11,811,"1.00000","1.00000","1.00000","",""
"GO:0070939","Dsl1/NZR complex",5,0,0.04,812,"1.00000","1.00000","1.00000","",""
"GO:0070971","endoplasmic reticulum exit site",11,0,0.09,813,"1.00000","1.00000","1.00000","",""
"GO:0070993","translation preinitiation complex",9,0,0.07,814,"1.00000","1.00000","1.00000","",""
"GO:0071004","U2-type prespliceosome",17,0,0.13,815,"1.00000","1.00000","1.00000","",""
"GO:0071006","U2-type catalytic step 1 spliceosome",8,0,0.06,816,"1.00000","1.00000","1.00000","",""
"GO:0071010","prespliceosome",25,0,0.2,817,"1.00000","1.00000","1.00000","",""
"GO:0071011","precatalytic spliceosome",4,0,0.03,818,"1.00000","1.00000","1.00000","",""
"GO:0071012","catalytic step 1 spliceosome",14,0,0.11,819,"1.00000","1.00000","1.00000","",""
"GO:0071013","catalytic step 2 spliceosome",17,0,0.13,820,"1.00000","1.00000","1.00000","",""
"GO:0071014","post-mRNA release spliceosomal complex",9,0,0.07,821,"1.00000","1.00000","1.00000","",""
"GO:0071020","post-spliceosomal complex",3,0,0.02,822,"1.00000","1.00000","1.00000","",""
"GO:0071203","WASH complex",9,0,0.07,823,"1.00000","1.00000","1.00000","",""
"GO:0071204","histone pre-mRNA 3'end processing comple...",5,0,0.04,824,"1.00000","1.00000","1.00000","",""
"GO:0071212","subsynaptic reticulum",19,0,0.15,825,"1.00000","1.00000","1.00000","",""
"GO:0071254","cytoplasmic U snRNP body",9,0,0.07,826,"1.00000","1.00000","1.00000","",""
"GO:0071339","MLL1 complex",3,0,0.02,827,"1.00000","1.00000","1.00000","",""
"GO:0071439","clathrin complex",3,0,0.02,828,"1.00000","1.00000","1.00000","",""
"GO:0071540","eukaryotic translation initiation factor...",4,0,0.03,829,"1.00000","1.00000","1.00000","",""
"GO:0071541","eukaryotic translation initiation factor...",6,0,0.05,830,"1.00000","1.00000","1.00000","",""
"GO:0071595","Nem1-Spo7 phosphatase complex",4,0,0.03,831,"1.00000","1.00000","1.00000","",""
"GO:0071683","sensory dendrite",15,0,0.12,832,"1.00000","1.00000","1.00000","",""
"GO:0071781","endoplasmic reticulum cisternal network",4,0,0.03,833,"1.00000","1.00000","1.00000","",""
"GO:0071782","endoplasmic reticulum tubular network",4,0,0.03,834,"1.00000","1.00000","1.00000","",""
"GO:0071986","Ragulator complex",3,0,0.02,835,"1.00000","1.00000","1.00000","",""
"GO:0072487","MSL complex",10,0,0.08,836,"1.00000","1.00000","1.00000","",""
"GO:0072546","ER membrane protein complex",8,0,0.06,837,"1.00000","1.00000","1.00000","",""
"GO:0072588","box H/ACA RNP complex",7,0,0.06,838,"1.00000","1.00000","1.00000","",""
"GO:0072669","tRNA-splicing ligase complex",3,0,0.02,839,"1.00000","1.00000","1.00000","",""
"GO:0072686","mitotic spindle",52,0,0.41,840,"1.00000","1.00000","1.00000","",""
"GO:0072687","meiotic spindle",11,0,0.09,841,"1.00000","1.00000","1.00000","",""
"GO:0080008","Cul4-RING E3 ubiquitin ligase complex",15,0,0.12,842,"1.00000","1.00000","1.00000","",""
"GO:0089701","U2AF complex",5,0,0.04,843,"1.00000","1.00000","1.00000","",""
"GO:0089717","spanning component of membrane",8,0,0.06,844,"1.00000","1.00000","1.00000","",""
"GO:0090443","FAR/SIN/STRIPAK complex",7,0,0.06,845,"1.00000","1.00000","1.00000","",""
"GO:0090533","cation-transporting ATPase complex",6,0,0.05,846,"1.00000","1.00000","1.00000","",""
"GO:0090545","CHD-type complex",11,0,0.09,847,"1.00000","1.00000","1.00000","",""
"GO:0090575","RNA polymerase II transcription regulato...",110,0,0.87,848,"1.00000","1.00000","1.00000","",""
"GO:0090576","RNA polymerase III transcription regulat...",8,0,0.06,849,"1.00000","1.00000","1.00000","",""
"GO:0090665","glycoprotein complex",17,0,0.13,850,"1.00000","1.00000","1.00000","",""
"GO:0090734","site of DNA damage",6,0,0.05,851,"1.00000","1.00000","1.00000","",""
"GO:0090740","integral component of pigment granule me...",5,0,0.04,852,"1.00000","1.00000","1.00000","",""
"GO:0090741","pigment granule membrane",5,0,0.04,853,"1.00000","1.00000","1.00000","",""
"GO:0097014","ciliary plasm",82,0,0.65,854,"1.00000","1.00000","1.00000","",""
"GO:0097038","perinuclear endoplasmic reticulum",7,0,0.06,855,"1.00000","1.00000","1.00000","",""
"GO:0097344","Rix1 complex",3,0,0.02,856,"1.00000","1.00000","1.00000","",""
"GO:0097346","INO80-type complex",10,0,0.08,857,"1.00000","1.00000","1.00000","",""
"GO:0097431","mitotic spindle pole",9,0,0.07,858,"1.00000","1.00000","1.00000","",""
"GO:0097447","dendritic tree",131,0,1.03,859,"1.00000","1.00000","1.00000","",""
"GO:0097517","contractile actin filament bundle",3,0,0.02,860,"1.00000","1.00000","1.00000","",""
"GO:0097525","spliceosomal snRNP complex",74,0,0.58,861,"1.00000","1.00000","1.00000","",""
"GO:0097526","spliceosomal tri-snRNP complex",32,0,0.25,862,"1.00000","1.00000","1.00000","",""
"GO:0097542","ciliary tip",3,0,0.02,863,"1.00000","1.00000","1.00000","",""
"GO:0097574","lateral part of cell",4,0,0.03,864,"1.00000","1.00000","1.00000","",""
"GO:0097648","G protein-coupled receptor complex",4,0,0.03,865,"1.00000","1.00000","1.00000","",""
"GO:0097651","phosphatidylinositol 3-kinase complex, c...",3,0,0.02,866,"1.00000","1.00000","1.00000","",""
"GO:0097729","9+2 motile cilium",11,0,0.09,867,"1.00000","1.00000","1.00000","",""
"GO:0097730","non-motile cilium",15,0,0.12,868,"1.00000","1.00000","1.00000","",""
"GO:0098527","neuromuscular junction of somatic muscle",7,0,0.06,869,"1.00000","1.00000","1.00000","",""
"GO:0098533","ATPase dependent transmembrane transport...",8,0,0.06,870,"1.00000","1.00000","1.00000","",""
"GO:0098549","somatic ring canal",4,0,0.03,871,"1.00000","1.00000","1.00000","",""
"GO:0098552","side of membrane",90,0,0.71,872,"1.00000","1.00000","1.00000","",""
"GO:0098554","cytoplasmic side of endoplasmic reticulu...",6,0,0.05,873,"1.00000","1.00000","1.00000","",""
"GO:0098562","cytoplasmic side of membrane",70,0,0.55,874,"1.00000","1.00000","1.00000","",""
"GO:0098563","intrinsic component of synaptic vesicle ...",11,0,0.09,875,"1.00000","1.00000","1.00000","",""
"GO:0098573","intrinsic component of mitochondrial mem...",31,0,0.24,876,"1.00000","1.00000","1.00000","",""
"GO:0098592","cytoplasmic side of apical plasma membra...",10,0,0.08,877,"1.00000","1.00000","1.00000","",""
"GO:0098636","protein complex involved in cell adhesio...",9,0,0.07,878,"1.00000","1.00000","1.00000","",""
"GO:0098687","chromosomal region",220,0,1.74,879,"1.00000","1.00000","1.00000","",""
"GO:0098791","Golgi apparatus subcompartment",175,0,1.38,880,"1.00000","1.00000","1.00000","",""
"GO:0098798","mitochondrial protein complex",250,0,1.97,881,"1.00000","1.00000","1.00000","",""
"GO:0098799","outer mitochondrial membrane protein com...",9,0,0.07,882,"1.00000","1.00000","1.00000","",""
"GO:0098800","inner mitochondrial membrane protein com...",118,0,0.93,883,"1.00000","1.00000","1.00000","",""
"GO:0098802","plasma membrane signaling receptor compl...",45,0,0.36,884,"1.00000","1.00000","1.00000","",""
"GO:0098803","respiratory chain complex",81,0,0.64,885,"1.00000","1.00000","1.00000","",""
"GO:0098820","trans-synaptic protein complex",9,0,0.07,886,"1.00000","1.00000","1.00000","",""
"GO:0098827","endoplasmic reticulum subcompartment",180,0,1.42,887,"1.00000","1.00000","1.00000","",""
"GO:0098831","presynaptic active zone cytoplasmic comp...",17,0,0.13,888,"1.00000","1.00000","1.00000","",""
"GO:0098852","lytic vacuole membrane",28,0,0.22,889,"1.00000","1.00000","1.00000","",""
"GO:0098857","membrane microdomain",14,0,0.11,890,"1.00000","1.00000","1.00000","",""
"GO:0098858","actin-based cell projection",32,0,0.25,891,"1.00000","1.00000","1.00000","",""
"GO:0098862","cluster of actin-based cell projections",7,0,0.06,892,"1.00000","1.00000","1.00000","",""
"GO:0098878","neurotransmitter receptor complex",8,0,0.06,893,"1.00000","1.00000","1.00000","",""
"GO:0098889","intrinsic component of presynaptic membr...",5,0,0.04,894,"1.00000","1.00000","1.00000","",""
"GO:0098936","intrinsic component of postsynaptic memb...",4,0,0.03,895,"1.00000","1.00000","1.00000","",""
"GO:0098984","neuron to neuron synapse",8,0,0.06,896,"1.00000","1.00000","1.00000","",""
"GO:0099023","vesicle tethering complex",77,0,0.61,897,"1.00000","1.00000","1.00000","",""
"GO:0099055","integral component of postsynaptic membr...",4,0,0.03,898,"1.00000","1.00000","1.00000","",""
"GO:0099056","integral component of presynaptic membra...",5,0,0.04,899,"1.00000","1.00000","1.00000","",""
"GO:0099086","synaptonemal structure",4,0,0.03,900,"1.00000","1.00000","1.00000","",""
"GO:0099240","intrinsic component of synaptic membrane",9,0,0.07,901,"1.00000","1.00000","1.00000","",""
"GO:0099501","exocytic vesicle membrane",16,0,0.13,902,"1.00000","1.00000","1.00000","",""
"GO:0099512","supramolecular fiber",203,0,1.6,903,"1.00000","1.00000","1.00000","",""
"GO:0099513","polymeric cytoskeletal fiber",103,0,0.81,904,"1.00000","1.00000","1.00000","",""
"GO:0099568","cytoplasmic region",324,0,2.56,905,"1.00000","1.00000","1.00000","",""
"GO:0099569","presynaptic cytoskeleton",17,0,0.13,906,"1.00000","1.00000","1.00000","",""
"GO:0099699","integral component of synaptic membrane",9,0,0.07,907,"1.00000","1.00000","1.00000","",""
"GO:0099738","cell cortex region",91,0,0.72,908,"1.00000","1.00000","1.00000","",""
"GO:0101031","chaperone complex",13,0,0.1,909,"1.00000","1.00000","1.00000","",""
"GO:0106037","apicomedial cortex",4,0,0.03,910,"1.00000","1.00000","1.00000","",""
"GO:0106068","SUMO ligase complex",11,0,0.09,911,"1.00000","1.00000","1.00000","",""
"GO:0120082","smooth endoplasmic reticulum cisterna",4,0,0.03,912,"1.00000","1.00000","1.00000","",""
"GO:0120111","neuron projection cytoplasm",5,0,0.04,913,"1.00000","1.00000","1.00000","",""
"GO:0120114","Sm-like protein family complex",93,0,0.73,914,"1.00000","1.00000","1.00000","",""
"GO:1902493","acetyltransferase complex",96,0,0.76,915,"1.00000","1.00000","1.00000","",""
"GO:1902494","catalytic complex",998,0,7.88,916,"1.00000","1.00000","1.00000","",""
"GO:1902495","transmembrane transporter complex",98,0,0.77,917,"1.00000","1.00000","1.00000","",""
"GO:1902554","serine/threonine protein kinase complex",56,0,0.44,918,"1.00000","1.00000","1.00000","",""
"GO:1902555","endoribonuclease complex",25,0,0.2,919,"1.00000","1.00000","1.00000","",""
"GO:1902562","H4 histone acetyltransferase complex",61,0,0.48,920,"1.00000","1.00000","1.00000","",""
"GO:1902911","protein kinase complex",60,0,0.47,921,"1.00000","1.00000","1.00000","",""
"GO:1903293","phosphatase complex",26,0,0.21,922,"1.00000","1.00000","1.00000","",""
"GO:1904115","axon cytoplasm",3,0,0.02,923,"1.00000","1.00000","1.00000","",""
"GO:1904269","cell leading edge cell cortex",3,0,0.02,924,"1.00000","1.00000","1.00000","",""
"GO:1904949","ATPase complex",75,0,0.59,925,"1.00000","1.00000","1.00000","",""
"GO:1905347","endodeoxyribonuclease complex",3,0,0.02,926,"1.00000","1.00000","1.00000","",""
"GO:1905348","endonuclease complex",28,0,0.22,927,"1.00000","1.00000","1.00000","",""
"GO:1905354","exoribonuclease complex",16,0,0.13,928,"1.00000","1.00000","1.00000","",""
"GO:1905360","GTPase complex",11,0,0.09,929,"1.00000","1.00000","1.00000","",""
"GO:1905368","peptidase complex",80,0,0.63,930,"1.00000","1.00000","1.00000","",""
"GO:1905369","endopeptidase complex",55,0,0.43,931,"1.00000","1.00000","1.00000","",""
"GO:1990023","mitotic spindle midzone",15,0,0.12,932,"1.00000","1.00000","1.00000","",""
"GO:1990047","spindle matrix",4,0,0.03,933,"1.00000","1.00000","1.00000","",""
"GO:1990071","TRAPPII protein complex",11,0,0.09,934,"1.00000","1.00000","1.00000","",""
"GO:1990072","TRAPPIII protein complex",3,0,0.02,935,"1.00000","1.00000","1.00000","",""
"GO:1990124","messenger ribonucleoprotein complex",6,0,0.05,936,"1.00000","1.00000","1.00000","",""
"GO:1990130","GATOR1 complex",3,0,0.02,937,"1.00000","1.00000","1.00000","",""
"GO:1990131","Gtr1-Gtr2 GTPase complex",3,0,0.02,938,"1.00000","1.00000","1.00000","",""
"GO:1990204","oxidoreductase complex",83,0,0.66,939,"1.00000","1.00000","1.00000","",""
"GO:1990221","L-cysteine desulfurase complex",8,0,0.06,940,"1.00000","1.00000","1.00000","",""
"GO:1990234","transferase complex",582,0,4.6,941,"1.00000","1.00000","1.00000","",""
"GO:1990246","uniplex complex",5,0,0.04,942,"1.00000","1.00000","1.00000","",""
"GO:1990316","Atg1/ULK1 kinase complex",7,0,0.06,943,"1.00000","1.00000","1.00000","",""
"GO:1990351","transporter complex",108,0,0.85,944,"1.00000","1.00000","1.00000","",""
"GO:1990385","meiotic spindle midzone",6,0,0.05,945,"1.00000","1.00000","1.00000","",""
"GO:1990391","DNA repair complex",16,0,0.13,946,"1.00000","1.00000","1.00000","",""
"GO:1990415","Pex17p-Pex14p docking complex",4,0,0.03,947,"1.00000","1.00000","1.00000","",""
"GO:1990423","RZZ complex",7,0,0.06,948,"1.00000","1.00000","1.00000","",""
"GO:1990429","peroxisomal importomer complex",4,0,0.03,949,"1.00000","1.00000","1.00000","",""
"GO:1990498","mitotic spindle microtubule",10,0,0.08,950,"1.00000","1.00000","1.00000","",""
"GO:1990621","ESCRT IV complex",4,0,0.03,951,"1.00000","1.00000","1.00000","",""
"GO:1990635","proximal dendrite",4,0,0.03,952,"1.00000","1.00000","1.00000","",""
"GO:1990726","Lsm1-7-Pat1 complex",5,0,0.04,953,"1.00000","1.00000","1.00000","",""
"GO:1990752","microtubule end",12,0,0.09,954,"1.00000","1.00000","1.00000","",""
"GO:1990904","ribonucleoprotein complex",650,0,5.13,955,"1.00000","1.00000","1.00000","",""
"GO:1990907","beta-catenin-TCF complex",8,0,0.06,956,"1.00000","1.00000","1.00000","",""
